conectado|voltagem|temperatura|ruido|ativacao
0|26000|109000|-88000|0
0|40000|548000|-66000|0
0|40000|58000|98000|0
0|33000|39000|-73000|0
1000|37000|-58000|-89000|0
1000|45000|-93000|-16000|0
1000|44000|-23000|13000|0
1000|45000|375000|-48000|0
0|31000|-81000|-7000|0
1000|27000|112000|91000|1
0|38000|511000|69000|0
1000|32000|170000|-30000|1
0|45000|354000|89000|0
0|41000|579000|-46000|0
1000|37000|89000|62000|1
0|40000|-36000|-79000|0
1000|32000|94000|66000|1
0|25000|205000|49000|0
0|30000|-86000|-10000|0
1000|42000|493000|78000|0
0|37000|97000|-41000|0
0|43000|63000|36000|0
0|36000|462000|-67000|0
1000|26000|333000|-99000|1
0|41000|433000|77000|0
0|43000|85000|-13000|0
0|30000|469000|-23000|0
1000|27000|287000|-40000|1
0|31000|309000|89000|0
1000|25000|250000|98000|1
1000|30000|313000|41000|1
1000|42000|459000|12000|0
1000|42000|423000|-39000|1
0|30000|373000|53000|0
0|34000|443000|-38000|0
0|30000|369000|47000|0
0|25000|339000|92000|0
0|28000|215000|-29000|0
1000|29000|241000|17000|1
1000|41000|313000|-90000|1
1000|27000|432000|96000|1
0|26000|71000|14000|0
1000|31000|13000|-83000|1
1000|42000|214000|75000|1
1000|36000|-52000|-46000|0
0|41000|-44000|61000|0
0|30000|449000|-31000|0
1000|42000|84000|-91000|1
0|28000|447000|66000|0
1000|41000|95000|-70000|1
0|38000|-58000|7000|0
0|42000|209000|74000|0
1000|40000|426000|5000|1
0|30000|365000|32000|0
1000|32000|220000|52000|1
0|30000|272000|8000|0
1000|27000|41000|87000|1
0|32000|164000|84000|0
0|39000|512000|79000|0
1000|26000|374000|11000|1
1000|33000|311000|89000|1
0|45000|473000|15000|0
1000|32000|155000|-28000|1
0|44000|412000|-99000|0
0|45000|63000|87000|0
0|36000|298000|-37000|0
0|41000|45000|23000|0
0|32000|91000|-69000|0
1000|35000|556000|83000|0
1000|26000|201000|-61000|1
1000|25000|14000|-17000|1
1000|41000|-45000|88000|0
1000|41000|180000|-8000|1
1000|31000|41000|98000|1
0|35000|590000|-85000|0
1000|30000|190000|35000|1
1000|25000|21000|-19000|1
1000|44000|411000|-5000|0
1000|41000|156000|13000|1
1000|28000|119000|42000|1
0|39000|38000|42000|0
1000|40000|-50000|-34000|0
0|27000|475000|-95000|0
0|38000|59000|37000|0
1000|41000|93000|33000|1
1000|39000|215000|95000|1
1000|29000|341000|56000|1
0|44000|392000|-60000|0
1000|32000|250000|92000|1
0|45000|439000|89000|0
1000|31000|-3000|-86000|0
0|33000|462000|-80000|0
0|35000|509000|89000|0
1000|39000|436000|76000|1
0|40000|471000|-42000|0
0|36000|-31000|-95000|0
0|43000|449000|50000|0
0|43000|249000|-91000|0
0|29000|570000|-4000|0
0|42000|171000|-91000|0
0|28000|435000|11000|0
1000|42000|160000|-44000|1
0|40000|103000|-8000|0
0|33000|311000|-90000|0
1000|39000|-48000|2000|0
0|34000|61000|-33000|0
1000|34000|343000|43000|1
0|26000|414000|-19000|0
0|27000|247000|-36000|0
1000|26000|103000|-88000|1
0|43000|-63000|-64000|0
1000|31000|152000|29000|1
0|34000|104000|88000|0
1000|41000|250000|-63000|1
0|43000|68000|-76000|0
0|38000|563000|-89000|0
0|34000|18000|13000|0
1000|44000|124000|87000|0
1000|37000|91000|-64000|1
1000|29000|-92000|-2000|0
0|43000|110000|20000|0
0|39000|-7000|-58000|0
0|35000|-21000|92000|0
1000|29000|295000|-11000|1
1000|25000|-20000|-42000|0
1000|35000|-67000|-28000|0
0|40000|-53000|86000|0
0|36000|481000|-95000|0
0|31000|388000|-7000|0
0|29000|290000|57000|0
0|29000|385000|51000|0
0|31000|485000|21000|0
0|40000|140000|-96000|0
1000|35000|192000|92000|1
0|45000|256000|31000|0
0|41000|409000|57000|0
0|32000|298000|100000|0
1000|34000|8000|-13000|1
1000|29000|14000|55000|1
1000|37000|65000|30000|1
1000|42000|511000|-70000|0
0|44000|145000|-84000|0
0|29000|89000|-24000|0
1000|32000|404000|25000|1
0|38000|49000|-64000|0
0|35000|534000|82000|0
1000|29000|-36000|8000|0
0|33000|-9000|-48000|0
1000|38000|447000|-96000|1
1000|34000|507000|37000|0
0|25000|120000|57000|0
0|31000|85000|-94000|0
1000|34000|397000|-62000|1
0|27000|220000|48000|0
1000|26000|452000|82000|0
0|44000|181000|36000|0
1000|44000|-67000|-79000|0
1000|31000|109000|-8000|1
1000|37000|436000|-37000|1
0|36000|409000|37000|0
1000|29000|575000|-13000|0
0|36000|470000|79000|0
0|28000|63000|-82000|0
1000|41000|103000|42000|1
0|36000|509000|-41000|0
1000|44000|80000|35000|0
0|41000|378000|-100000|0
1000|32000|-5000|97000|0
1000|26000|475000|76000|0
0|39000|-83000|-91000|0
0|42000|338000|-64000|0
1000|26000|139000|-10000|1
0|33000|492000|70000|0
1000|44000|374000|7000|0
0|32000|18000|0|0
1000|36000|186000|-31000|1
1000|31000|303000|56000|1
1000|27000|487000|32000|0
0|26000|452000|-100000|0
0|42000|40000|-26000|0
0|34000|490000|-76000|0
1000|42000|550000|14000|0
0|40000|534000|-84000|0
1000|36000|426000|66000|1
0|37000|401000|-70000|0
1000|32000|23000|9000|1
1000|42000|23000|13000|1
1000|30000|558000|-3000|0
0|45000|17000|38000|0
1000|36000|460000|50000|0
1000|39000|-93000|-27000|0
0|38000|-35000|-62000|0
1000|29000|217000|83000|1
0|32000|142000|-83000|0
0|30000|153000|54000|0
1000|29000|10000|-54000|1
1000|33000|-42000|-19000|0
0|39000|110000|-25000|0
1000|38000|14000|69000|1
0|32000|263000|-49000|0
1000|42000|420000|-55000|1
1000|27000|-96000|-56000|0
0|30000|333000|-12000|0
1000|31000|396000|88000|1
1000|42000|496000|-2000|0
1000|35000|139000|39000|1
1000|27000|206000|-94000|1
1000|29000|295000|-60000|1
1000|29000|-54000|-20000|0
1000|33000|-59000|-45000|0
1000|33000|124000|-97000|1
1000|41000|177000|5000|1
1000|34000|418000|11000|1
1000|33000|577000|25000|0
1000|27000|272000|10000|1
1000|37000|294000|-90000|1
0|41000|505000|57000|0
1000|28000|518000|80000|0
0|35000|567000|6000|0
1000|45000|252000|94000|0
1000|36000|131000|55000|1
1000|38000|-88000|-77000|0
1000|37000|532000|28000|0
1000|40000|-78000|-13000|0
1000|37000|576000|-30000|0
0|42000|377000|13000|0
0|32000|476000|-89000|0
0|43000|250000|52000|0
1000|39000|70000|-22000|1
0|45000|-68000|45000|0
1000|40000|449000|-62000|1
0|34000|73000|92000|0
1000|31000|73000|97000|1
1000|45000|115000|-57000|0
0|33000|-16000|92000|0
1000|30000|74000|91000|1
1000|40000|456000|30000|0
1000|36000|185000|65000|1
0|42000|-53000|35000|0
0|27000|22000|72000|0
0|35000|308000|28000|0
0|33000|444000|84000|0
0|28000|184000|78000|0
1000|27000|-23000|94000|0
1000|30000|364000|-27000|1
0|27000|-84000|67000|0
1000|34000|351000|-52000|1
1000|30000|61000|-92000|1
0|27000|303000|32000|0
0|32000|146000|78000|0
0|42000|505000|6000|0
0|39000|74000|-86000|0
0|28000|373000|-8000|0
0|37000|-42000|40000|0
0|35000|125000|-91000|0
0|45000|160000|36000|0
1000|32000|204000|-33000|1
1000|33000|382000|5000|1
0|28000|533000|31000|0
0|31000|278000|82000|0
0|45000|48000|99000|0
0|33000|302000|45000|0
0|33000|330000|91000|0
0|33000|497000|-51000|0
0|33000|600000|32000|0
0|32000|216000|-71000|0
1000|35000|356000|96000|1
1000|41000|56000|-58000|1
1000|40000|443000|25000|1
1000|26000|592000|66000|0
1000|36000|-42000|-34000|0
0|39000|88000|-68000|0
0|44000|406000|30000|0
1000|30000|112000|-34000|1
0|30000|4000|-42000|0
0|38000|468000|-71000|0
1000|29000|489000|7000|0
1000|36000|-62000|-4000|0
1000|28000|63000|-98000|1
0|37000|-22000|80000|0
1000|33000|568000|34000|0
1000|41000|-4000|-10000|0
0|33000|30000|-28000|0
1000|37000|397000|47000|1
1000|26000|324000|52000|1
1000|44000|370000|-82000|0
0|37000|5000|-11000|0
1000|28000|-43000|-60000|0
1000|40000|172000|-40000|1
1000|26000|420000|-5000|1
0|31000|198000|-72000|0
0|36000|478000|-1000|0
0|30000|-75000|21000|0
1000|33000|192000|39000|1
0|40000|157000|-90000|0
0|44000|269000|-12000|0
0|28000|46000|35000|0
1000|45000|528000|-95000|0
0|25000|120000|-1000|0
0|38000|-30000|0|0
0|30000|393000|-70000|0
0|28000|-24000|-68000|0
0|43000|511000|-100000|0
1000|34000|167000|-32000|1
0|26000|-22000|78000|0
0|32000|-36000|-51000|0
1000|29000|357000|-34000|1
1000|30000|141000|-80000|1
1000|28000|73000|25000|1
1000|29000|284000|-85000|1
0|27000|265000|-58000|0
1000|31000|192000|-95000|1
0|30000|68000|-95000|0
0|37000|71000|11000|0
0|41000|385000|-78000|0
0|34000|517000|-58000|0
0|36000|562000|12000|0
1000|28000|8000|70000|1
1000|39000|348000|22000|1
0|41000|501000|-17000|0
1000|42000|143000|91000|1
1000|36000|-71000|-96000|0
0|26000|-39000|-45000|0
1000|30000|329000|-9000|1
0|29000|228000|-66000|0
1000|40000|321000|99000|1
1000|32000|71000|26000|1
0|36000|-63000|-12000|0
1000|25000|403000|77000|1
1000|37000|542000|78000|0
0|36000|111000|-1000|0
1000|26000|400000|-63000|1
0|31000|565000|87000|0
1000|27000|88000|35000|1
0|35000|406000|-12000|0
0|34000|-31000|-53000|0
1000|44000|597000|41000|0
1000|28000|82000|28000|1
1000|32000|197000|-56000|1
0|29000|582000|-65000|0
1000|32000|320000|-75000|1
0|30000|443000|8000|0
1000|40000|167000|55000|1
1000|45000|107000|-94000|0
1000|35000|402000|92000|1
1000|30000|-32000|-62000|0
0|40000|417000|64000|0
0|35000|377000|-29000|0
0|40000|423000|-38000|0
1000|26000|249000|81000|1
1000|32000|190000|49000|1
0|44000|599000|66000|0
1000|25000|-33000|80000|0
0|28000|-71000|16000|0
1000|43000|302000|-17000|0
1000|35000|187000|9000|1
1000|39000|160000|3000|1
0|41000|-17000|-69000|0
1000|32000|-5000|-70000|0
1000|40000|428000|-31000|1
1000|25000|551000|29000|0
1000|29000|482000|50000|0
1000|30000|69000|-22000|1
1000|31000|14000|35000|1
0|40000|170000|91000|0
0|37000|426000|15000|0
0|45000|255000|27000|0
1000|26000|393000|-98000|1
0|37000|382000|89000|0
0|29000|192000|48000|0
1000|33000|-98000|-13000|0
0|41000|367000|89000|0
0|40000|63000|-81000|0
0|36000|411000|95000|0
0|40000|391000|-95000|0
1000|41000|407000|-14000|1
0|36000|210000|12000|0
0|32000|598000|-88000|0
0|41000|520000|-41000|0
0|29000|30000|56000|0
1000|41000|94000|-36000|1
0|42000|-41000|95000|0
1000|30000|92000|-32000|1
1000|41000|254000|-28000|1
1000|29000|81000|-47000|1
0|27000|30000|1000|0
1000|44000|310000|87000|0
0|29000|336000|40000|0
1000|39000|156000|33000|1
0|45000|-34000|50000|0
0|39000|-36000|59000|0
1000|42000|464000|83000|0
0|39000|532000|40000|0
1000|32000|355000|-79000|1
1000|41000|148000|-89000|1
0|35000|444000|-87000|0
1000|30000|186000|-38000|1
0|33000|78000|87000|0
1000|33000|438000|-44000|1
1000|43000|241000|-17000|0
0|44000|-26000|-67000|0
1000|36000|402000|43000|1
1000|42000|305000|-82000|1
0|36000|-47000|3000|0
0|41000|130000|-54000|0
0|38000|0|-72000|0
0|26000|-63000|-20000|0
1000|40000|20000|86000|1
0|28000|117000|-45000|0
1000|27000|313000|1000|1
0|28000|205000|-77000|0
0|39000|485000|25000|0
1000|27000|49000|-59000|1
1000|33000|248000|-6000|1
0|34000|400000|-44000|0
1000|31000|349000|-77000|1
0|43000|435000|85000|0
1000|37000|7000|97000|1
1000|32000|67000|93000|1
0|33000|448000|-43000|0
1000|44000|288000|31000|0
0|43000|386000|-98000|0
0|26000|440000|40000|0
1000|29000|555000|-70000|0
1000|29000|183000|34000|1
0|42000|164000|48000|0
0|45000|102000|10000|0
1000|43000|194000|-43000|0
1000|35000|298000|32000|1
0|38000|354000|-73000|0
1000|33000|489000|-3000|0
0|42000|562000|-64000|0
1000|42000|584000|-31000|0
1000|25000|-96000|64000|0
1000|26000|74000|-91000|1
1000|29000|189000|-97000|1
1000|31000|102000|86000|1
0|42000|518000|-32000|0
0|43000|510000|63000|0
1000|25000|382000|-13000|1
0|43000|447000|-29000|0
0|40000|530000|-100000|0
0|42000|102000|-16000|0
1000|35000|244000|65000|1
0|34000|187000|-38000|0
0|30000|84000|46000|0
0|45000|151000|91000|0
0|31000|-68000|16000|0
0|37000|-6000|28000|0
1000|36000|130000|-98000|1
1000|34000|484000|-42000|0
0|26000|547000|12000|0
1000|44000|263000|10000|0
1000|41000|84000|63000|1
1000|42000|537000|-81000|0
0|40000|455000|-44000|0
1000|33000|41000|-77000|1
1000|42000|141000|-74000|1
0|43000|314000|-17000|0
1000|26000|485000|-33000|0
0|26000|226000|-46000|0
0|35000|501000|64000|0
0|27000|441000|47000|0
1000|25000|498000|-75000|0
0|43000|568000|85000|0
0|30000|507000|65000|0
0|31000|557000|51000|0
0|28000|459000|0|0
0|40000|263000|-44000|0
0|34000|155000|43000|0
0|36000|495000|-16000|0
0|41000|331000|-61000|0
1000|40000|406000|-37000|1
0|27000|-25000|94000|0
1000|44000|18000|30000|0
1000|44000|237000|-8000|0
1000|35000|157000|-82000|1
1000|38000|128000|-100000|1
1000|25000|29000|-79000|1
0|42000|318000|-43000|0
1000|43000|38000|-66000|0
0|25000|283000|-18000|0
0|25000|86000|-69000|0
0|28000|-66000|33000|0
1000|29000|121000|-100000|1
0|37000|571000|96000|0
0|32000|537000|-42000|0
0|43000|-99000|48000|0
0|45000|-27000|-57000|0
0|30000|296000|-62000|0
0|45000|-85000|-96000|0
1000|43000|170000|27000|0
0|41000|513000|-65000|0
0|42000|363000|-86000|0
1000|25000|-21000|92000|0
1000|26000|261000|-31000|1
1000|28000|184000|-1000|1
0|31000|299000|-16000|0
1000|30000|161000|44000|1
0|35000|21000|-77000|0
0|39000|305000|-7000|0
0|34000|269000|-84000|0
1000|43000|-26000|18000|0
1000|25000|158000|63000|1
1000|43000|392000|-28000|0
0|30000|-100000|-30000|0
0|41000|468000|88000|0
1000|44000|142000|63000|0
0|36000|-9000|-48000|0
0|45000|410000|49000|0
0|44000|195000|71000|0
1000|29000|243000|29000|1
1000|32000|80000|-94000|1
0|39000|236000|94000|0
1000|25000|370000|-77000|1
1000|38000|364000|43000|1
1000|26000|407000|13000|1
1000|36000|347000|-72000|1
1000|36000|523000|88000|0
1000|34000|121000|-28000|1
0|45000|122000|49000|0
0|31000|198000|-45000|0
0|44000|96000|-64000|0
0|38000|-20000|-91000|0
1000|38000|129000|52000|1
1000|41000|558000|-8000|0
1000|36000|584000|-46000|0
0|32000|-26000|-80000|0
0|25000|203000|-87000|0
1000|45000|120000|-37000|0
0|33000|379000|-44000|0
1000|44000|515000|-96000|0
0|29000|121000|40000|0
0|35000|543000|44000|0
1000|38000|328000|-60000|1
0|35000|151000|43000|0
0|27000|592000|-80000|0
1000|34000|-81000|44000|0
0|32000|579000|81000|0
0|38000|442000|93000|0
1000|37000|-27000|-5000|0
0|29000|64000|-80000|0
0|37000|3000|61000|0
1000|34000|-50000|93000|0
0|28000|-5000|22000|0
0|43000|185000|19000|0
0|34000|226000|11000|0
0|31000|297000|-20000|0
1000|37000|239000|-5000|1
0|25000|-31000|-73000|0
1000|29000|-89000|-77000|0
1000|25000|185000|9000|1
0|38000|418000|67000|0
1000|42000|390000|69000|1
0|26000|406000|64000|0
0|45000|-83000|-51000|0
0|27000|253000|17000|0
0|28000|551000|-17000|0
0|27000|-64000|-54000|0
0|25000|415000|-31000|0
1000|25000|452000|-73000|0
1000|38000|511000|-46000|0
0|45000|522000|-18000|0
1000|26000|528000|-44000|0
1000|41000|100000|-69000|1
1000|31000|189000|-37000|1
0|27000|341000|-23000|0
0|32000|317000|61000|0
1000|32000|523000|65000|0
1000|29000|386000|51000|1
1000|41000|445000|95000|1
1000|40000|528000|-96000|0
1000|41000|89000|-40000|1
0|39000|551000|75000|0
1000|34000|-16000|-13000|0
1000|29000|441000|-62000|1
0|27000|27000|-2000|0
0|33000|270000|46000|0
1000|43000|594000|26000|0
1000|43000|555000|23000|0
0|37000|142000|-7000|0
1000|34000|198000|2000|1
1000|30000|68000|-41000|1
0|35000|-47000|-53000|0
1000|34000|90000|45000|1
0|38000|-60000|-20000|0
1000|43000|15000|-87000|0
0|27000|158000|-80000|0
0|25000|-35000|-70000|0
1000|45000|499000|9000|0
0|43000|-12000|-78000|0
0|44000|111000|24000|0
0|26000|437000|-27000|0
0|26000|-40000|70000|0
1000|37000|-81000|68000|0
1000|38000|375000|-54000|1
1000|29000|21000|70000|1
0|25000|225000|3000|0
1000|31000|-84000|-61000|0
0|30000|9000|44000|0
0|28000|-38000|38000|0
0|44000|87000|-100000|0
0|36000|308000|99000|0
0|38000|157000|-50000|0
1000|33000|245000|6000|1
0|37000|543000|9000|0
0|34000|183000|-23000|0
0|39000|189000|-86000|0
0|25000|276000|-12000|0
0|45000|259000|50000|0
0|27000|449000|97000|0
1000|28000|139000|7000|1
1000|43000|209000|-6000|0
0|40000|489000|-83000|0
0|40000|407000|37000|0
1000|45000|210000|-75000|0
1000|37000|285000|98000|1
0|45000|-64000|-58000|0
0|31000|556000|-93000|0
0|33000|-52000|-59000|0
0|27000|202000|73000|0
0|45000|388000|4000|0
1000|28000|280000|-25000|1
1000|41000|309000|-16000|1
1000|43000|510000|-1000|0
0|29000|195000|-54000|0
1000|31000|520000|-26000|0
1000|35000|-19000|93000|0
1000|25000|240000|-82000|1
0|39000|101000|32000|0
0|36000|245000|-10000|0
0|35000|-55000|20000|0
1000|42000|183000|-31000|1
0|28000|329000|43000|0
1000|25000|595000|7000|0
1000|41000|317000|26000|1
1000|41000|256000|37000|1
1000|35000|563000|-57000|0
1000|41000|385000|34000|1
0|43000|271000|-87000|0
0|31000|588000|-33000|0
0|37000|135000|-83000|0
0|34000|545000|67000|0
0|38000|-100000|-55000|0
0|33000|-10000|69000|0
0|30000|149000|-77000|0
0|29000|484000|-40000|0
1000|43000|172000|22000|0
0|45000|295000|60000|0
1000|37000|22000|-96000|1
1000|31000|491000|77000|0
0|40000|520000|58000|0
0|42000|417000|-48000|0
0|26000|547000|-95000|0
0|32000|84000|-12000|0
0|40000|104000|50000|0
1000|27000|528000|36000|0
0|43000|557000|-60000|0
0|29000|145000|-37000|0
1000|38000|369000|4000|1
1000|27000|458000|27000|0
1000|43000|-57000|-27000|0
0|42000|2000|-24000|0
1000|35000|303000|-62000|1
0|38000|419000|48000|0
0|42000|-69000|96000|0
0|45000|267000|37000|0
1000|27000|396000|-49000|1
1000|34000|-47000|54000|0
0|44000|212000|42000|0
0|33000|311000|27000|0
0|41000|-57000|-49000|0
1000|31000|418000|-86000|1
0|42000|373000|34000|0
0|28000|481000|66000|0
1000|40000|290000|-45000|1
0|42000|-4000|-95000|0
0|32000|512000|-25000|0
1000|29000|217000|-32000|1
1000|36000|404000|91000|1
1000|36000|51000|-73000|1
1000|40000|98000|-39000|1
1000|39000|-16000|58000|0
0|36000|-20000|-17000|0
0|39000|80000|26000|0
1000|32000|-81000|-37000|0
1000|34000|310000|19000|1
0|33000|189000|80000|0
1000|43000|120000|-73000|0
0|33000|67000|62000|0
0|30000|450000|-51000|0
0|29000|-22000|-4000|0
1000|27000|65000|-11000|1
0|28000|290000|-82000|0
1000|29000|418000|3000|1
0|36000|70000|68000|0
0|41000|552000|100000|0
1000|34000|-66000|-64000|0
0|28000|365000|-39000|0
0|43000|189000|-73000|0
1000|25000|437000|-87000|1
1000|42000|25000|3000|1
0|42000|139000|-29000|0
0|30000|151000|78000|0
1000|35000|445000|47000|1
0|38000|217000|16000|0
1000|26000|529000|41000|0
0|32000|593000|-87000|0
1000|26000|578000|-35000|0
0|42000|66000|-3000|0
0|29000|377000|34000|0
0|41000|81000|-11000|0
1000|42000|582000|55000|0
0|34000|40000|-65000|0
1000|28000|-29000|64000|0
0|39000|-77000|41000|0
0|37000|-50000|-49000|0
0|26000|-77000|-71000|0
1000|39000|344000|-20000|1
1000|43000|105000|84000|0
1000|31000|115000|67000|1
0|30000|259000|14000|0
1000|26000|262000|58000|1
1000|33000|-86000|-85000|0
1000|28000|-33000|-14000|0
1000|35000|-43000|6000|0
0|28000|458000|56000|0
0|30000|76000|-74000|0
0|37000|533000|-91000|0
0|28000|519000|29000|0
0|32000|547000|80000|0
0|29000|80000|79000|0
1000|29000|289000|-45000|1
1000|28000|364000|-87000|1
1000|39000|90000|59000|1
1000|28000|-94000|99000|0
1000|30000|180000|79000|1
0|39000|27000|44000|0
0|37000|26000|-8000|0
1000|44000|580000|56000|0
0|36000|-51000|-27000|0
1000|28000|-67000|52000|0
0|26000|84000|-26000|0
1000|25000|76000|-7000|1
1000|42000|537000|-29000|0
1000|40000|445000|42000|1
1000|45000|291000|-38000|0
0|30000|268000|54000|0
0|37000|44000|-89000|0
0|34000|99000|5000|0
1000|28000|64000|-42000|1
1000|32000|490000|-57000|0
1000|33000|378000|-65000|1
1000|40000|490000|64000|0
1000|33000|-27000|-90000|0
1000|36000|173000|-41000|1
1000|25000|529000|85000|0
1000|25000|574000|-84000|0
1000|27000|562000|-29000|0
1000|36000|62000|-89000|1
0|27000|518000|54000|0
0|27000|432000|3000|0
0|44000|553000|27000|0
1000|27000|271000|-24000|1
1000|34000|214000|83000|1
1000|41000|-35000|34000|0
1000|33000|295000|33000|1
0|37000|-8000|72000|0
0|36000|584000|72000|0
1000|35000|594000|-26000|0
0|42000|442000|-80000|0
1000|28000|195000|-19000|1
0|27000|546000|56000|0
1000|33000|488000|86000|0
0|29000|589000|-43000|0
1000|31000|81000|-37000|1
1000|34000|14000|-23000|1
1000|42000|25000|81000|1
1000|43000|408000|69000|0
0|41000|125000|-8000|0
1000|33000|486000|59000|0
1000|40000|483000|6000|0
1000|29000|127000|88000|1
0|42000|113000|9000|0
1000|35000|183000|15000|1
1000|44000|29000|-57000|0
0|27000|-97000|-2000|0
0|35000|468000|30000|0
0|37000|593000|-75000|0
1000|44000|107000|-71000|0
0|34000|-49000|44000|0
0|29000|485000|38000|0
0|25000|568000|-48000|0
0|36000|-90000|-70000|0
1000|29000|584000|-64000|0
0|42000|14000|65000|0
1000|36000|185000|26000|1
1000|35000|-51000|75000|0
0|25000|64000|92000|0
0|26000|543000|84000|0
1000|39000|296000|-65000|1
1000|35000|185000|-4000|1
1000|42000|164000|-48000|1
1000|31000|363000|-77000|1
0|28000|192000|66000|0
0|40000|249000|18000|0
1000|37000|270000|-9000|1
1000|34000|535000|33000|0
0|39000|150000|15000|0
1000|45000|48000|-19000|0
0|26000|49000|-37000|0
0|30000|171000|21000|0
1000|30000|246000|-80000|1
1000|41000|343000|79000|1
0|35000|468000|-42000|0
1000|41000|96000|-86000|1
1000|45000|-88000|-100000|0
1000|27000|279000|60000|1
0|33000|116000|61000|0
1000|25000|444000|9000|1
1000|43000|182000|-54000|0
0|43000|327000|97000|0
1000|34000|468000|21000|0
1000|33000|432000|-46000|1
0|30000|437000|-37000|0
1000|42000|148000|21000|1
0|30000|249000|-86000|0
0|39000|578000|-76000|0
1000|33000|263000|37000|1
1000|41000|48000|-70000|1
0|25000|41000|17000|0
1000|35000|-66000|-62000|0
1000|40000|-63000|81000|0
1000|43000|-59000|-22000|0
0|37000|12000|83000|0
1000|37000|229000|32000|1
0|38000|-63000|1000|0
1000|29000|74000|52000|1
1000|32000|87000|54000|1
0|31000|465000|-69000|0
0|36000|15000|77000|0
0|31000|63000|-95000|0
1000|39000|183000|-17000|1
0|37000|386000|10000|0
0|33000|106000|51000|0
0|27000|537000|85000|0
1000|26000|511000|-12000|0
1000|25000|72000|-97000|1
0|34000|548000|-87000|0
0|41000|600000|-88000|0
1000|29000|-27000|-27000|0
0|36000|230000|70000|0
0|40000|-29000|-24000|0
0|30000|95000|76000|0
0|30000|-12000|46000|0
1000|34000|81000|68000|1
1000|29000|361000|50000|1
0|28000|45000|-10000|0
0|39000|104000|58000|0
1000|36000|359000|77000|1
0|32000|348000|22000|0
1000|36000|313000|-85000|1
0|29000|174000|-32000|0
0|37000|76000|-97000|0
1000|26000|-51000|39000|0
0|29000|450000|-57000|0
0|35000|315000|-82000|0
1000|25000|126000|-1000|1
1000|25000|-1000|-40000|0
0|34000|565000|-14000|0
1000|43000|519000|-3000|0
1000|40000|8000|-90000|1
0|41000|531000|41000|0
0|42000|564000|8000|0
0|25000|540000|36000|0
0|26000|430000|-33000|0
1000|40000|557000|97000|0
1000|41000|451000|45000|0
1000|44000|531000|18000|0
0|36000|405000|-58000|0
0|35000|296000|-25000|0
0|43000|534000|-73000|0
1000|29000|293000|-27000|1
1000|41000|537000|-36000|0
1000|28000|-47000|31000|0
1000|36000|347000|-57000|1
0|42000|422000|-91000|0
0|30000|52000|75000|0
0|41000|560000|16000|0
0|44000|170000|31000|0
1000|44000|88000|-76000|0
0|31000|150000|-53000|0
0|36000|191000|50000|0
0|28000|518000|69000|0
1000|45000|209000|-93000|0
1000|39000|289000|-64000|1
1000|26000|171000|-41000|1
1000|26000|-9000|-64000|0
1000|28000|-77000|15000|0
0|34000|-42000|44000|0
1000|32000|413000|7000|1
1000|32000|515000|-73000|0
1000|26000|142000|12000|1
1000|33000|255000|29000|1
0|38000|429000|43000|0
0|26000|478000|-85000|0
0|32000|54000|20000|0
0|41000|216000|96000|0
0|45000|546000|81000|0
1000|30000|584000|77000|0
1000|45000|585000|-22000|0
0|34000|177000|61000|0
0|29000|-63000|67000|0
1000|43000|243000|32000|0
1000|32000|121000|-47000|1
1000|43000|32000|-66000|0
1000|35000|287000|-96000|1
1000|36000|442000|-89000|1
0|26000|324000|80000|0
1000|31000|53000|-15000|1
0|41000|90000|23000|0
0|42000|-18000|-61000|0
1000|38000|509000|95000|0
1000|36000|235000|-11000|1
0|28000|357000|-51000|0
0|30000|288000|73000|0
1000|42000|436000|-24000|1
0|34000|106000|-19000|0
0|38000|282000|-86000|0
0|39000|288000|41000|0
0|37000|299000|39000|0
1000|42000|533000|-62000|0
1000|40000|-50000|48000|0
1000|41000|572000|12000|0
1000|44000|468000|-73000|0
1000|37000|-54000|64000|0
1000|25000|561000|44000|0
1000|37000|250000|-51000|1
1000|34000|593000|27000|0
0|43000|264000|-75000|0
1000|32000|181000|-79000|1
0|30000|95000|-85000|0
0|36000|-60000|-26000|0
0|28000|44000|-89000|0
0|38000|194000|-14000|0
1000|36000|375000|-64000|1
0|42000|554000|78000|0
0|34000|166000|10000|0
1000|28000|8000|34000|1
1000|33000|-6000|66000|0
0|33000|526000|-91000|0
1000|42000|487000|42000|0
0|45000|-7000|-35000|0
0|40000|66000|31000|0
0|43000|64000|0|0
0|38000|359000|-30000|0
1000|28000|-3000|37000|0
0|25000|457000|-94000|0
0|28000|408000|-68000|0
1000|30000|151000|-78000|1
1000|28000|183000|-20000|1
1000|40000|77000|42000|1
1000|34000|141000|-2000|1
1000|41000|-58000|23000|0
1000|26000|356000|-61000|1
1000|43000|321000|-39000|0
0|26000|243000|-61000|0
0|39000|589000|-32000|0
0|44000|289000|87000|0
0|33000|463000|80000|0
1000|45000|433000|48000|0
0|37000|366000|26000|0
1000|37000|521000|-99000|0
1000|44000|306000|85000|0
1000|36000|80000|68000|1
1000|34000|283000|88000|1
1000|35000|462000|-99000|0
0|29000|315000|-32000|0
1000|33000|255000|86000|1
1000|40000|351000|-35000|1
0|33000|-6000|57000|0
0|34000|213000|70000|0
0|30000|292000|-18000|0
1000|43000|-95000|31000|0
0|30000|245000|36000|0
1000|30000|225000|-17000|1
0|42000|-59000|82000|0
0|44000|293000|85000|0
1000|44000|163000|40000|0
1000|38000|579000|89000|0
0|31000|465000|-99000|0
1000|28000|498000|17000|0
1000|38000|260000|8000|1
1000|30000|-85000|-3000|0
0|30000|36000|-8000|0
1000|28000|448000|2000|1
1000|45000|516000|-53000|0
0|35000|117000|-96000|0
1000|33000|43000|64000|1
0|33000|152000|-73000|0
0|42000|373000|61000|0
1000|37000|252000|19000|1
1000|26000|472000|28000|0
1000|27000|412000|11000|1
1000|37000|2000|-79000|1
1000|36000|-54000|97000|0
0|35000|514000|-77000|0
0|41000|574000|74000|0
1000|39000|359000|47000|1
0|25000|141000|-99000|0
0|45000|553000|1000|0
0|28000|391000|-56000|0
0|27000|183000|33000|0
1000|39000|31000|-21000|1
1000|41000|308000|31000|1
0|43000|-18000|-83000|0
0|25000|220000|-48000|0
1000|45000|116000|96000|0
1000|40000|-89000|67000|0
0|31000|422000|-24000|0
1000|37000|-37000|-45000|0
1000|26000|-41000|-93000|0
0|40000|-81000|18000|0
1000|33000|281000|20000|1
0|35000|160000|-97000|0
1000|40000|476000|4000|0
1000|28000|250000|70000|1
1000|44000|-50000|-34000|0
0|26000|-35000|6000|0
0|31000|499000|56000|0
0|45000|399000|44000|0
0|44000|323000|55000|0
0|44000|510000|78000|0
0|38000|294000|-69000|0
1000|28000|-95000|-9000|0
0|41000|421000|-26000|0
0|26000|276000|79000|0
1000|31000|188000|-79000|1
0|41000|118000|-82000|0
1000|35000|20000|-44000|1
0|36000|323000|87000|0
1000|30000|177000|39000|1
0|42000|116000|-38000|0
1000|32000|597000|-44000|0
0|43000|-8000|95000|0
1000|39000|587000|74000|0
1000|39000|82000|2000|1
1000|36000|215000|-48000|1
0|41000|546000|13000|0
1000|43000|13000|-6000|0
1000|26000|41000|-6000|1
0|36000|34000|67000|0
1000|36000|286000|85000|1
1000|25000|247000|-4000|1
0|37000|576000|52000|0
1000|38000|137000|-26000|1
0|27000|404000|72000|0
1000|44000|291000|27000|0
0|36000|375000|99000|0
0|31000|110000|-95000|0
0|38000|-63000|33000|0
1000|26000|20000|74000|1
0|33000|76000|-32000|0
0|26000|474000|78000|0
1000|37000|592000|21000|0
1000|32000|121000|-96000|1
1000|40000|345000|80000|1
0|40000|595000|-69000|0
0|41000|510000|-70000|0
1000|35000|149000|-32000|1
0|44000|389000|54000|0
0|36000|-48000|-68000|0
0|37000|575000|55000|0
0|32000|185000|-19000|0
0|32000|-74000|88000|0
1000|29000|174000|-17000|1
1000|32000|19000|-57000|1
1000|31000|50000|45000|1
0|42000|494000|-56000|0
0|35000|34000|32000|0
1000|36000|475000|73000|0
0|39000|531000|-18000|0
1000|27000|280000|-93000|1
0|40000|202000|59000|0
0|30000|390000|-47000|0
1000|44000|237000|-80000|0
0|39000|496000|-15000|0
0|41000|2000|-79000|0
0|25000|560000|76000|0
0|30000|282000|18000|0
1000|38000|-47000|-94000|0
0|32000|112000|-43000|0
1000|35000|146000|97000|1
0|25000|337000|46000|0
1000|38000|-80000|24000|0
1000|40000|-54000|52000|0
0|43000|494000|-69000|0
0|25000|358000|14000|0
1000|36000|383000|4000|1
0|28000|397000|-97000|0
1000|38000|292000|59000|1
1000|35000|392000|65000|1
1000|41000|185000|87000|1
1000|26000|157000|-19000|1
0|33000|558000|-98000|0
1000|41000|223000|-78000|1
1000|41000|153000|96000|1
0|34000|146000|-61000|0
1000|25000|135000|52000|1
0|44000|429000|-29000|0
0|39000|478000|49000|0
1000|30000|-48000|55000|0
0|33000|501000|-82000|0
0|37000|345000|-15000|0
0|39000|58000|-58000|0
1000|41000|509000|-57000|0
0|25000|-92000|-29000|0
0|33000|198000|-19000|0
1000|36000|595000|-11000|0
0|38000|90000|92000|0
0|38000|423000|61000|0
0|29000|-76000|-7000|0
0|30000|152000|-77000|0
1000|44000|427000|83000|0
1000|40000|269000|-27000|1
0|28000|525000|-25000|0
1000|30000|57000|-69000|1
0|42000|508000|-74000|0
0|31000|325000|29000|0
1000|31000|484000|-85000|0
1000|30000|321000|73000|1
1000|38000|-22000|-47000|0
0|39000|453000|-4000|0
0|35000|436000|-40000|0
0|42000|180000|-13000|0
1000|29000|433000|45000|1
1000|40000|523000|73000|0
0|45000|95000|13000|0
0|35000|292000|30000|0
1000|26000|480000|-71000|0
0|27000|437000|79000|0
0|31000|134000|-70000|0
1000|40000|-100000|21000|0
0|45000|17000|67000|0
1000|36000|-8000|18000|0
0|39000|-96000|-18000|0
1000|42000|234000|-4000|1
1000|26000|493000|73000|0
0|44000|14000|-96000|0
1000|41000|386000|3000|1
1000|37000|357000|22000|1
0|30000|52000|87000|0
0|33000|353000|34000|0
0|45000|-98000|34000|0
0|42000|127000|-74000|0
0|26000|251000|100000|0
0|42000|405000|-68000|0
1000|25000|246000|-77000|1
0|42000|561000|-92000|0
1000|31000|314000|1000|1
1000|36000|397000|-91000|1
1000|26000|580000|-24000|0
0|37000|149000|12000|0
1000|33000|576000|81000|0
0|40000|541000|-72000|0
0|34000|424000|51000|0
1000|43000|169000|-68000|0
0|31000|266000|-66000|0
1000|34000|283000|-83000|1
1000|42000|251000|38000|1
0|30000|68000|23000|0
0|36000|528000|22000|0
1000|40000|464000|-85000|0
0|28000|55000|-40000|0
0|40000|571000|-89000|0
0|34000|370000|32000|0
0|40000|535000|-26000|0
1000|28000|-35000|-69000|0
0|28000|435000|-2000|0
1000|26000|-35000|19000|0
1000|41000|-70000|77000|0
1000|35000|359000|2000|1
0|37000|493000|47000|0
0|35000|63000|15000|0
0|38000|-73000|-30000|0
1000|38000|368000|9000|1
0|31000|392000|-19000|0
0|39000|339000|-50000|0
0|27000|225000|19000|0
1000|38000|349000|-15000|1
1000|38000|266000|24000|1
1000|29000|537000|33000|0
0|43000|411000|81000|0
0|38000|567000|3000|0
1000|29000|400000|-77000|1
1000|26000|153000|-68000|1
1000|33000|-13000|29000|0
0|41000|-40000|-4000|0
0|29000|181000|95000|0
0|41000|-89000|-82000|0
1000|42000|330000|-27000|1
0|39000|451000|-93000|0
0|26000|521000|-74000|0
0|44000|596000|99000|0
1000|40000|439000|-52000|1
0|34000|319000|70000|0
0|32000|-94000|-79000|0
1000|45000|516000|-75000|0
0|30000|362000|-9000|0
0|39000|-41000|7000|0
1000|25000|208000|13000|1
1000|38000|233000|-96000|1
1000|29000|476000|-42000|0
1000|35000|205000|33000|1
1000|39000|119000|0|1
1000|45000|197000|-43000|0
0|40000|11000|85000|0
1000|27000|438000|63000|1
1000|25000|-9000|-66000|0
1000|42000|356000|100000|1
0|45000|348000|-49000|0
1000|37000|173000|2000|1
0|27000|-95000|93000|0
1000|43000|574000|-15000|0
1000|30000|45000|-7000|1
0|36000|219000|-81000|0
0|25000|238000|-27000|0
1000|44000|180000|-2000|0
0|30000|365000|19000|0
0|26000|353000|-20000|0
1000|33000|-64000|-89000|0
0|33000|393000|-92000|0
1000|37000|555000|-69000|0
0|33000|190000|97000|0
1000|30000|408000|-37000|1
1000|28000|8000|-63000|1
1000|28000|-66000|-12000|0
1000|42000|429000|28000|1
1000|26000|290000|-18000|1
1000|34000|53000|95000|1
1000|40000|586000|-77000|0
0|39000|-2000|79000|0
1000|41000|566000|-57000|0
1000|25000|61000|99000|1
1000|38000|96000|27000|1
1000|28000|11000|-49000|1
0|40000|435000|-23000|0
1000|44000|19000|67000|0
1000|43000|443000|10000|0
1000|41000|496000|-89000|0
0|25000|383000|66000|0
1000|29000|575000|52000|0
1000|36000|108000|38000|1
1000|35000|570000|93000|0
1000|45000|551000|-76000|0
0|38000|555000|28000|0
0|41000|482000|4000|0
1000|40000|189000|15000|1
1000|39000|101000|91000|1
1000|41000|412000|1000|1
1000|38000|311000|65000|1
1000|35000|527000|2000|0
1000|36000|42000|35000|1
1000|44000|465000|-2000|0
0|34000|162000|-28000|0
1000|33000|-15000|97000|0
0|35000|-40000|-55000|0
1000|25000|419000|71000|1
1000|25000|482000|2000|0
1000|45000|491000|-91000|0
0|31000|139000|4000|0
0|35000|243000|-47000|0
0|30000|201000|2000|0
0|37000|99000|-64000|0
1000|45000|34000|-66000|0
0|29000|194000|86000|0
0|25000|279000|49000|0
1000|28000|266000|27000|1
0|31000|-92000|-45000|0
0|37000|404000|44000|0
0|44000|-28000|96000|0
0|43000|15000|25000|0
1000|36000|152000|-27000|1
1000|41000|-18000|69000|0
1000|35000|254000|-35000|1
0|34000|498000|34000|0
0|40000|114000|-41000|0
0|26000|288000|-92000|0
0|37000|413000|80000|0
0|35000|506000|-38000|0
1000|35000|-30000|-86000|0
1000|44000|287000|96000|0
0|45000|337000|-77000|0
1000|32000|348000|-10000|1
0|40000|451000|42000|0
0|45000|247000|-54000|0
0|44000|409000|-67000|0
1000|42000|-5000|40000|0
1000|39000|157000|84000|1
0|34000|27000|98000|0
1000|41000|19000|65000|1
1000|38000|508000|73000|0
0|37000|237000|-33000|0
0|39000|135000|-15000|0
1000|29000|72000|-87000|1
0|38000|25000|8000|0
0|34000|346000|-29000|0
1000|42000|55000|36000|1
1000|45000|98000|-51000|0
1000|39000|-32000|33000|0
0|32000|486000|74000|0
0|44000|343000|-68000|0
0|37000|503000|-72000|0
1000|31000|398000|95000|1
1000|34000|210000|28000|1
0|28000|531000|-34000|0
0|43000|149000|-39000|0
1000|29000|177000|30000|1
1000|27000|80000|-29000|1
0|32000|-27000|-68000|0
0|42000|161000|72000|0
1000|38000|315000|60000|1
0|28000|248000|76000|0
0|25000|354000|40000|0
0|44000|9000|-40000|0
0|38000|95000|45000|0
1000|44000|23000|45000|0
1000|45000|592000|-91000|0
0|30000|159000|-100000|0
1000|29000|151000|45000|1
0|45000|366000|58000|0
0|45000|361000|1000|0
1000|44000|242000|-14000|0
1000|36000|341000|98000|1
0|29000|-58000|-18000|0
1000|30000|217000|-45000|1
1000|41000|160000|19000|1
0|32000|563000|55000|0
1000|25000|143000|58000|1
1000|38000|116000|-79000|1
1000|41000|396000|31000|1
1000|26000|323000|73000|1
0|28000|296000|-29000|0
0|28000|260000|40000|0
1000|44000|208000|-37000|0
0|40000|253000|84000|0
0|31000|139000|54000|0
0|32000|4000|89000|0
0|26000|168000|53000|0
0|31000|51000|26000|0
0|43000|459000|-10000|0
0|37000|497000|17000|0
1000|33000|269000|68000|1
0|30000|-49000|-25000|0
1000|34000|142000|88000|1
1000|28000|101000|-42000|1
0|31000|1000|57000|0
1000|30000|5000|-2000|1
0|45000|389000|-19000|0
1000|28000|388000|-20000|1
1000|36000|382000|4000|1
0|36000|260000|86000|0
1000|44000|173000|-99000|0
0|38000|50000|13000|0
1000|33000|262000|-49000|1
0|39000|486000|-80000|0
0|26000|138000|44000|0
0|41000|-85000|-7000|0
1000|41000|402000|-18000|1
0|32000|2000|9000|0
0|32000|52000|49000|0
1000|45000|199000|70000|0
0|42000|112000|-4000|0
1000|44000|-72000|67000|0
1000|34000|25000|69000|1
0|30000|413000|-15000|0
1000|28000|327000|-46000|1
0|38000|118000|-83000|0
1000|45000|-88000|70000|0
0|32000|287000|11000|0
0|34000|70000|-12000|0
0|36000|47000|-27000|0
1000|44000|339000|-99000|0
1000|36000|414000|-3000|1
1000|28000|500000|28000|0
1000|32000|221000|20000|1
1000|32000|227000|80000|1
1000|27000|32000|-25000|1
1000|28000|519000|-11000|0
0|28000|502000|99000|0
1000|43000|-7000|-79000|0
1000|26000|90000|88000|1
1000|28000|202000|70000|1
1000|39000|-33000|-68000|0
0|39000|425000|-88000|0
1000|40000|554000|29000|0
0|39000|269000|-94000|0
1000|40000|497000|-62000|0
1000|32000|498000|26000|0
0|31000|108000|21000|0
0|40000|463000|68000|0
1000|45000|100000|-74000|0
0|33000|446000|64000|0
1000|38000|240000|17000|1
0|30000|333000|1000|0
0|33000|443000|-1000|0
1000|40000|498000|-57000|0
0|35000|558000|-3000|0
1000|32000|248000|76000|1
0|36000|35000|24000|0
0|33000|325000|3000|0
1000|32000|282000|-33000|1
1000|33000|-64000|75000|0
1000|26000|574000|-67000|0
0|38000|369000|93000|0
1000|29000|97000|54000|1
0|32000|75000|-43000|0
0|44000|24000|-99000|0
0|30000|397000|0|0
1000|26000|508000|38000|0
0|40000|209000|-81000|0
1000|35000|102000|23000|1
1000|38000|102000|71000|1
1000|28000|-47000|-4000|0
0|43000|-63000|67000|0
1000|33000|447000|14000|1
0|25000|-71000|94000|0
0|38000|-71000|-97000|0
0|44000|4000|93000|0
0|25000|54000|-60000|0
1000|29000|69000|38000|1
0|44000|223000|13000|0
1000|44000|374000|-30000|0
0|40000|22000|34000|0
0|25000|208000|-57000|0
1000|39000|15000|66000|1
1000|41000|61000|-75000|1
0|34000|587000|77000|0
1000|38000|485000|47000|0
1000|40000|549000|-29000|0
0|35000|526000|42000|0
1000|32000|258000|-74000|1
0|40000|415000|2000|0
1000|32000|48000|13000|1
1000|25000|338000|-34000|1
1000|41000|151000|6000|1
0|31000|21000|-87000|0
0|36000|182000|-64000|0
1000|37000|76000|-44000|1
1000|44000|512000|-83000|0
1000|43000|-38000|76000|0
0|40000|31000|38000|0
1000|41000|398000|37000|1
1000|42000|360000|69000|1
0|45000|446000|-34000|0
0|28000|185000|5000|0
1000|42000|320000|-25000|1
1000|28000|-72000|25000|0
1000|42000|505000|-67000|0
0|35000|-33000|-26000|0
0|36000|48000|4000|0
1000|39000|445000|37000|1
0|44000|278000|16000|0
0|29000|393000|36000|0
0|38000|366000|58000|0
1000|36000|153000|6000|1
1000|28000|292000|8000|1
0|44000|360000|73000|0
1000|26000|546000|-87000|0
0|42000|343000|71000|0
1000|39000|589000|62000|0
1000|41000|348000|-42000|1
1000|43000|543000|85000|0
1000|26000|419000|38000|1
1000|25000|-3000|54000|0
0|35000|495000|29000|0
1000|36000|58000|70000|1
1000|31000|-26000|-7000|0
0|39000|238000|-24000|0
1000|33000|158000|-73000|1
1000|32000|52000|-90000|1
1000|36000|433000|-63000|1
1000|27000|497000|86000|0
1000|33000|33000|-96000|1
0|40000|332000|71000|0
1000|26000|376000|-35000|1
1000|29000|485000|-26000|0
1000|38000|92000|17000|1
0|34000|542000|-4000|0
1000|32000|426000|22000|1
0|38000|138000|-27000|0
1000|41000|-39000|72000|0
1000|35000|429000|-4000|1
0|45000|527000|-9000|0
0|32000|230000|-56000|0
1000|38000|67000|18000|1
0|42000|554000|73000|0
0|34000|-33000|37000|0
0|40000|195000|32000|0
0|37000|536000|9000|0
1000|36000|478000|83000|0
1000|26000|-84000|-65000|0
0|33000|531000|-46000|0
0|45000|356000|-86000|0
0|37000|454000|25000|0
0|29000|16000|55000|0
1000|28000|339000|8000|1
1000|30000|122000|76000|1
0|33000|90000|-53000|0
1000|26000|-87000|80000|0
1000|36000|522000|98000|0
0|28000|426000|54000|0
0|41000|350000|-74000|0
1000|27000|-7000|40000|0
1000|27000|166000|84000|1
0|35000|262000|16000|0
1000|40000|517000|-73000|0
0|37000|447000|-70000|0
0|35000|119000|13000|0
1000|28000|292000|28000|1
0|45000|225000|63000|0
1000|40000|-58000|71000|0
1000|43000|378000|-98000|0
1000|39000|505000|-81000|0
0|41000|366000|-76000|0
1000|36000|-43000|-93000|0
0|45000|230000|-19000|0
1000|33000|207000|6000|1
1000|38000|-49000|-65000|0
1000|31000|124000|91000|1
0|39000|-11000|-49000|0
0|37000|-12000|4000|0
1000|44000|523000|49000|0
1000|28000|473000|-21000|0
1000|45000|-1000|-81000|0
1000|34000|532000|-13000|0
0|30000|308000|-7000|0
0|32000|541000|-13000|0
1000|26000|525000|16000|0
1000|30000|413000|47000|1
1000|30000|411000|83000|1
0|25000|250000|-39000|0
0|45000|572000|96000|0
0|34000|-21000|-98000|0
0|34000|591000|54000|0
0|40000|492000|64000|0
0|34000|104000|38000|0
0|27000|-78000|44000|0
1000|33000|-67000|1000|0
1000|39000|355000|68000|1
0|37000|58000|-81000|0
0|43000|351000|63000|0
1000|36000|542000|71000|0
1000|36000|147000|6000|1
0|29000|-7000|25000|0
0|39000|585000|-55000|0
0|33000|-29000|-41000|0
1000|30000|438000|-42000|1
1000|34000|145000|66000|1
0|29000|431000|45000|0
1000|39000|552000|75000|0
1000|26000|159000|-26000|1
1000|29000|-31000|22000|0
1000|42000|232000|-3000|1
1000|41000|579000|-39000|0
0|36000|175000|35000|0
1000|31000|476000|64000|0
0|36000|485000|42000|0
0|38000|-63000|-15000|0
1000|34000|-66000|-57000|0
0|45000|252000|19000|0
1000|27000|65000|91000|1
0|30000|494000|-93000|0
1000|25000|542000|-87000|0
1000|31000|252000|-51000|1
0|39000|201000|77000|0
0|41000|-91000|93000|0
0|25000|555000|-66000|0
0|34000|27000|-61000|0
0|35000|502000|-14000|0
1000|35000|53000|-93000|1
0|28000|552000|60000|0
1000|39000|131000|-41000|1
1000|39000|424000|2000|1
1000|39000|260000|-65000|1
1000|40000|202000|-7000|1
1000|44000|359000|91000|0
1000|43000|-24000|18000|0
0|35000|145000|83000|0
1000|38000|91000|2000|1
0|34000|358000|-97000|0
0|43000|369000|62000|0
1000|41000|59000|-63000|1
1000|42000|471000|34000|0
1000|36000|224000|41000|1
0|29000|-85000|-97000|0
1000|36000|93000|82000|1
1000|35000|582000|48000|0
0|45000|34000|29000|0
1000|45000|429000|-93000|0
1000|26000|237000|-52000|1
1000|42000|-26000|75000|0
1000|27000|164000|-36000|1
1000|35000|346000|-76000|1
1000|37000|219000|-22000|1
1000|28000|510000|41000|0
1000|41000|362000|-11000|1
1000|33000|461000|-1000|0
1000|42000|205000|-93000|1
0|33000|125000|-80000|0
0|37000|589000|-83000|0
1000|43000|78000|-96000|0
1000|40000|239000|77000|1
1000|28000|45000|-80000|1
0|33000|456000|-100000|0
0|29000|293000|-14000|0
1000|28000|39000|49000|1
1000|27000|343000|-29000|1
1000|35000|223000|84000|1
0|41000|15000|47000|0
1000|42000|69000|-2000|1
0|36000|-94000|4000|0
1000|44000|384000|-16000|0
0|26000|133000|-30000|0
1000|40000|194000|-43000|1
1000|38000|553000|-75000|0
1000|39000|304000|28000|1
1000|38000|75000|80000|1
0|32000|100000|44000|0
0|30000|510000|-48000|0
1000|44000|526000|91000|0
0|39000|-75000|-64000|0
1000|33000|508000|-8000|0
0|30000|232000|10000|0
0|34000|-71000|93000|0
0|41000|-46000|27000|0
0|43000|266000|-76000|0
1000|33000|392000|-74000|1
1000|35000|273000|67000|1
0|42000|-4000|55000|0
0|35000|82000|-24000|0
1000|41000|465000|43000|0
0|37000|83000|85000|0
0|29000|147000|67000|0
0|44000|-96000|-97000|0
1000|32000|366000|40000|1
0|34000|368000|100000|0
0|43000|434000|11000|0
0|28000|284000|-9000|0
0|41000|440000|-2000|0
1000|35000|71000|59000|1
0|38000|53000|64000|0
1000|26000|154000|-96000|1
1000|38000|313000|-65000|1
1000|37000|368000|52000|1
1000|29000|31000|-33000|1
0|28000|320000|-64000|0
0|45000|-24000|-86000|0
0|32000|169000|-57000|0
1000|37000|-37000|-34000|0
1000|31000|99000|90000|1
1000|45000|-27000|-75000|0
1000|45000|192000|-72000|0
1000|43000|354000|30000|0
0|40000|395000|28000|0
0|26000|229000|94000|0
0|29000|441000|95000|0
0|43000|578000|72000|0
1000|45000|440000|9000|0
1000|31000|545000|-78000|0
0|28000|2000|22000|0
0|43000|364000|-96000|0
0|45000|156000|-34000|0
0|31000|146000|74000|0
0|43000|258000|26000|0
1000|41000|502000|41000|0
0|36000|210000|19000|0
0|44000|255000|-87000|0
1000|28000|518000|-100000|0
1000|28000|120000|-1000|1
1000|27000|132000|67000|1
1000|40000|101000|31000|1
1000|41000|-37000|-86000|0
1000|44000|449000|97000|0
0|25000|146000|81000|0
0|40000|254000|-64000|0
1000|33000|-53000|41000|0
0|34000|335000|-62000|0
0|39000|-5000|88000|0
1000|44000|213000|75000|0
0|25000|27000|-90000|0
0|28000|19000|-37000|0
1000|42000|-93000|-22000|0
0|38000|152000|-25000|0
1000|32000|122000|-86000|1
1000|28000|18000|-96000|1
1000|37000|-30000|-47000|0
0|30000|306000|34000|0
1000|33000|572000|81000|0
1000|31000|497000|76000|0
0|32000|417000|38000|0
1000|27000|245000|38000|1
0|37000|224000|94000|0
0|34000|443000|-69000|0
0|43000|564000|22000|0
0|30000|99000|5000|0
1000|44000|551000|-13000|0
0|31000|260000|86000|0
1000|31000|397000|-43000|1
1000|44000|142000|-94000|0
0|26000|57000|-14000|0
0|29000|257000|66000|0
1000|42000|229000|-12000|1
1000|39000|-97000|15000|0
1000|36000|292000|62000|1
1000|31000|388000|-52000|1
1000|32000|11000|-40000|1
1000|29000|97000|-63000|1
1000|25000|282000|-52000|1
0|41000|-94000|31000|0
0|41000|366000|45000|0
1000|42000|430000|-31000|1
0|41000|265000|91000|0
0|25000|140000|-43000|0
0|38000|14000|54000|0
0|34000|453000|79000|0
1000|37000|245000|-21000|1
0|42000|308000|-36000|0
1000|42000|229000|-49000|1
1000|35000|549000|-59000|0
0|35000|142000|-63000|0
1000|27000|-28000|-43000|0
0|30000|554000|-98000|0
0|27000|451000|-66000|0
1000|38000|452000|97000|0
1000|45000|584000|-26000|0
1000|37000|78000|33000|1
1000|34000|373000|6000|1
1000|27000|161000|-9000|1
1000|39000|462000|92000|0
0|37000|-69000|45000|0
0|25000|403000|73000|0
1000|41000|57000|46000|1
0|43000|441000|94000|0
0|39000|14000|-21000|0
1000|26000|-90000|-57000|0
1000|44000|-73000|-86000|0
1000|29000|63000|-25000|1
0|29000|107000|59000|0
1000|36000|439000|85000|1
0|40000|-35000|-8000|0
0|31000|294000|-5000|0
1000|40000|474000|-23000|0
1000|26000|189000|58000|1
1000|27000|575000|-72000|0
1000|41000|-69000|83000|0
0|27000|600000|-57000|0
1000|33000|507000|-57000|0
0|40000|-16000|17000|0
0|34000|129000|-64000|0
0|45000|439000|17000|0
1000|35000|307000|57000|1
0|44000|373000|-44000|0
0|30000|-14000|-23000|0
0|28000|135000|-3000|0
1000|39000|340000|-14000|1
1000|44000|471000|15000|0
1000|39000|398000|-37000|1
1000|32000|-74000|55000|0
1000|35000|17000|72000|1
0|42000|432000|-52000|0
0|40000|468000|29000|0
0|33000|177000|29000|0
0|27000|118000|-51000|0
0|27000|-32000|-62000|0
0|31000|589000|-6000|0
0|42000|467000|-15000|0
1000|38000|291000|-18000|1
1000|31000|-74000|47000|0
0|31000|299000|33000|0
1000|44000|-13000|-9000|0
1000|34000|161000|-50000|1
0|37000|446000|-49000|0
1000|26000|428000|1000|1
1000|25000|-10000|-78000|0
1000|34000|406000|4000|1
1000|32000|127000|-83000|1
1000|39000|41000|3000|1
1000|28000|121000|49000|1
1000|27000|-10000|93000|0
1000|45000|533000|-61000|0
1000|27000|139000|-23000|1
1000|39000|526000|58000|0
0|28000|557000|-94000|0
0|42000|74000|83000|0
0|36000|172000|94000|0
1000|45000|100000|-32000|0
0|35000|569000|-5000|0
0|43000|28000|1000|0
0|31000|392000|92000|0
1000|25000|211000|-9000|1
1000|25000|296000|-28000|1
1000|38000|218000|66000|1
0|28000|207000|91000|0
1000|33000|159000|36000|1
0|38000|16000|-17000|0
1000|42000|109000|-49000|1
1000|33000|369000|-81000|1
0|38000|145000|-46000|0
0|45000|425000|45000|0
1000|27000|349000|-59000|1
1000|36000|392000|-53000|1
1000|39000|89000|54000|1
1000|27000|-17000|-66000|0
1000|39000|302000|-55000|1
0|38000|255000|-56000|0
0|34000|223000|-37000|0
1000|28000|212000|-38000|1
1000|38000|139000|20000|1
0|32000|540000|-56000|0
0|41000|332000|18000|0
0|36000|133000|-70000|0
0|32000|585000|55000|0
1000|32000|493000|71000|0
0|43000|308000|3000|0
1000|34000|77000|-47000|1
1000|36000|242000|90000|1
1000|28000|573000|65000|0
0|34000|14000|-32000|0
1000|27000|386000|-41000|1
1000|33000|507000|-28000|0
0|25000|282000|1000|0
0|26000|176000|-73000|0
1000|43000|350000|33000|0
1000|29000|380000|-55000|1
0|30000|-26000|-36000|0
1000|45000|204000|66000|0
0|37000|-84000|-38000|0
0|45000|347000|-31000|0
0|32000|364000|37000|0
1000|36000|210000|-36000|1
0|34000|91000|-25000|0
0|29000|464000|-86000|0
0|36000|89000|-64000|0
1000|42000|138000|50000|1
1000|41000|456000|75000|0
1000|44000|544000|-79000|0
1000|44000|-91000|43000|0
1000|25000|413000|-84000|1
1000|35000|512000|-25000|0
0|43000|532000|29000|0
1000|40000|33000|56000|1
0|28000|528000|-58000|0
1000|30000|241000|36000|1
0|42000|414000|96000|0
0|33000|590000|-20000|0
1000|36000|417000|-59000|1
0|31000|132000|-6000|0
1000|33000|598000|97000|0
0|34000|72000|-38000|0
0|36000|-93000|-16000|0
0|38000|-20000|41000|0
0|28000|86000|-40000|0
0|33000|150000|-96000|0
1000|33000|312000|-72000|1
0|40000|425000|-68000|0
0|32000|84000|-48000|0
0|30000|-78000|73000|0
1000|28000|94000|-16000|1
1000|45000|255000|96000|0
0|31000|26000|94000|0
1000|28000|291000|-16000|1
1000|41000|330000|41000|1
1000|32000|348000|61000|1
0|40000|256000|-51000|0
1000|39000|-22000|12000|0
0|44000|178000|62000|0
1000|35000|193000|-67000|1
1000|32000|175000|-94000|1
1000|36000|-81000|84000|0
0|32000|483000|85000|0
0|34000|283000|-38000|0
0|38000|-93000|-68000|0
1000|34000|59000|75000|1
1000|44000|330000|36000|0
1000|44000|111000|37000|0
0|29000|327000|88000|0
1000|42000|370000|-57000|1
0|40000|521000|-48000|0
1000|40000|538000|-37000|0
0|39000|541000|-35000|0
1000|33000|131000|100000|1
0|37000|30000|94000|0
1000|44000|208000|7000|0
1000|42000|15000|79000|1
1000|32000|543000|9000|0
1000|43000|465000|55000|0
0|37000|317000|-46000|0
0|36000|150000|-86000|0
0|29000|-56000|80000|0
1000|32000|466000|100000|0
0|34000|259000|-45000|0
0|25000|528000|54000|0
1000|30000|268000|-89000|1
1000|31000|-27000|-20000|0
0|30000|127000|47000|0
1000|37000|480000|39000|0
1000|41000|554000|19000|0
1000|40000|400000|42000|1
0|33000|129000|15000|0
1000|37000|-36000|50000|0
0|28000|85000|94000|0
0|25000|243000|26000|0
0|38000|331000|34000|0
1000|35000|347000|6000|1
1000|43000|510000|79000|0
1000|41000|390000|27000|1
0|39000|14000|88000|0
1000|27000|594000|-37000|0
0|34000|154000|-69000|0
1000|31000|457000|11000|0
0|39000|400000|-45000|0
1000|26000|-84000|20000|0
0|37000|364000|-43000|0
0|38000|-41000|31000|0
1000|27000|405000|68000|1
1000|32000|112000|-83000|1
1000|41000|553000|-61000|0
1000|39000|267000|-20000|1
0|26000|24000|24000|0
1000|38000|-96000|-26000|0
1000|32000|-9000|-28000|0
0|38000|405000|97000|0
1000|29000|341000|-6000|1
0|35000|398000|59000|0
0|28000|434000|54000|0
0|43000|277000|78000|0
0|34000|7000|76000|0
0|37000|444000|-35000|0
0|45000|-76000|-22000|0
1000|35000|27000|-22000|1
1000|28000|10000|-57000|1
0|34000|417000|-6000|0
0|41000|-48000|62000|0
0|34000|64000|81000|0
0|30000|498000|-89000|0
0|33000|226000|74000|0
0|40000|64000|20000|0
1000|45000|-52000|-76000|0
1000|31000|238000|3000|1
0|26000|140000|-92000|0
1000|38000|453000|99000|0
0|41000|308000|-97000|0
0|29000|31000|-15000|0
1000|30000|548000|-57000|0
1000|25000|555000|96000|0
1000|42000|584000|-46000|0
0|39000|474000|17000|0
1000|34000|386000|18000|1
1000|31000|339000|15000|1
1000|31000|-15000|34000|0
1000|33000|314000|-59000|1
0|25000|126000|-87000|0
0|37000|492000|43000|0
1000|31000|296000|19000|1
0|44000|378000|-45000|0
0|45000|447000|44000|0
1000|45000|496000|-6000|0
0|25000|534000|99000|0
0|33000|42000|-69000|0
0|42000|327000|-46000|0
1000|37000|524000|-46000|0
1000|45000|131000|-60000|0
0|44000|257000|88000|0
1000|36000|-95000|-37000|0
1000|34000|416000|-30000|1
1000|42000|582000|58000|0
0|26000|126000|-32000|0
1000|28000|535000|23000|0
0|39000|535000|-66000|0
1000|34000|-13000|-70000|0
0|29000|484000|-65000|0
0|32000|375000|-34000|0
0|42000|229000|-56000|0
0|39000|-63000|-21000|0
0|29000|230000|76000|0
0|37000|104000|18000|0
0|40000|512000|-69000|0
1000|28000|417000|28000|1
0|45000|341000|63000|0
0|37000|243000|82000|0
1000|37000|438000|79000|1
1000|28000|146000|-65000|1
1000|44000|500000|-72000|0
0|38000|498000|-97000|0
0|45000|145000|-67000|0
1000|27000|291000|84000|1
1000|42000|249000|20000|1
1000|26000|-46000|-65000|0
1000|32000|118000|-85000|1
1000|35000|-3000|10000|0
0|40000|392000|-89000|0
1000|34000|564000|81000|0
0|33000|342000|45000|0
0|39000|90000|-65000|0
0|41000|250000|48000|0
1000|26000|-60000|19000|0
1000|39000|569000|-71000|0
1000|35000|118000|75000|1
0|39000|-23000|92000|0
0|38000|538000|-72000|0
1000|45000|376000|11000|0
0|37000|385000|-29000|0
0|43000|468000|80000|0
1000|41000|-20000|-98000|0
1000|45000|224000|77000|0
1000|44000|208000|-60000|0
0|43000|-84000|-21000|0
0|27000|180000|-33000|0
1000|33000|565000|31000|0
0|41000|416000|-29000|0
1000|34000|162000|0|1
1000|31000|526000|-26000|0
0|44000|405000|70000|0
1000|33000|550000|-74000|0
0|41000|270000|44000|0
1000|37000|137000|-99000|1
1000|45000|-70000|-23000|0
0|25000|214000|-68000|0
0|41000|172000|83000|0
0|30000|511000|40000|0
0|43000|547000|-55000|0
1000|35000|-62000|71000|0
0|33000|550000|20000|0
0|43000|530000|52000|0
0|26000|42000|-23000|0
1000|41000|409000|-13000|1
1000|42000|-39000|-55000|0
0|35000|374000|50000|0
0|32000|32000|-79000|0
0|26000|218000|60000|0
0|44000|160000|-25000|0
0|38000|-32000|41000|0
1000|39000|250000|76000|1
1000|34000|-65000|33000|0
1000|31000|-90000|-44000|0
0|27000|371000|54000|0
1000|29000|580000|22000|0
1000|45000|299000|62000|0
0|31000|168000|34000|0
1000|33000|462000|-75000|0
1000|45000|441000|-85000|0
1000|34000|-14000|59000|0
0|30000|399000|17000|0
1000|38000|163000|29000|1
0|28000|494000|70000|0
1000|35000|473000|-13000|0
0|33000|300000|-77000|0
0|41000|-96000|-15000|0
1000|32000|448000|-14000|1
0|33000|205000|92000|0
1000|29000|383000|8000|1
1000|36000|527000|-68000|0
1000|27000|123000|44000|1
0|25000|189000|-35000|0
1000|40000|367000|-23000|1
0|31000|287000|-12000|0
1000|37000|204000|11000|1
0|35000|263000|19000|0
1000|38000|417000|56000|1
1000|40000|113000|-45000|1
1000|42000|168000|-25000|1
1000|38000|-44000|93000|0
1000|29000|409000|-42000|1
0|39000|533000|-79000|0
0|43000|18000|-95000|0
0|40000|55000|-64000|0
0|36000|443000|3000|0
0|32000|3000|89000|0
1000|36000|446000|78000|1
0|42000|580000|-41000|0
1000|44000|135000|-80000|0
0|25000|164000|37000|0
1000|31000|256000|68000|1
0|44000|323000|1000|0
0|42000|229000|-33000|0
0|33000|211000|10000|0
1000|40000|201000|-34000|1
0|43000|549000|-74000|0
1000|35000|58000|68000|1
0|43000|159000|32000|0
1000|42000|331000|-10000|1
0|42000|524000|58000|0
1000|37000|-61000|-63000|0
0|31000|226000|0|0
0|25000|539000|-65000|0
0|33000|488000|66000|0
0|45000|375000|0|0
0|33000|460000|-6000|0
0|35000|247000|-57000|0
1000|35000|395000|-83000|1
0|43000|-74000|-12000|0
1000|32000|156000|88000|1
1000|42000|353000|56000|1
0|35000|278000|34000|0
0|26000|393000|-64000|0
0|38000|449000|97000|0
0|39000|178000|-6000|0
1000|38000|152000|95000|1
1000|40000|-5000|81000|0
0|32000|413000|-42000|0
0|30000|-81000|72000|0
0|45000|420000|52000|0
0|41000|174000|-21000|0
0|41000|465000|-55000|0
1000|42000|118000|50000|1
0|30000|561000|-70000|0
1000|36000|567000|-59000|0
0|44000|7000|88000|0
1000|40000|518000|-70000|0
1000|40000|-5000|-15000|0
0|38000|217000|-43000|0
1000|31000|40000|86000|1
0|41000|480000|64000|0
1000|37000|266000|-9000|1
1000|25000|95000|63000|1
1000|44000|53000|-3000|0
1000|41000|22000|-100000|1
1000|28000|-32000|19000|0
1000|34000|169000|-87000|1
0|25000|151000|91000|0
1000|31000|88000|-22000|1
0|26000|527000|22000|0
1000|45000|-70000|31000|0
0|27000|504000|94000|0
0|45000|349000|43000|0
1000|29000|543000|63000|0
1000|39000|163000|30000|1
0|26000|-78000|-100000|0
0|37000|524000|-37000|0
0|35000|228000|-88000|0
1000|29000|-8000|-61000|0
1000|32000|377000|95000|1
1000|36000|88000|76000|1
0|29000|462000|61000|0
1000|27000|248000|-4000|1
1000|34000|343000|95000|1
0|35000|343000|79000|0
1000|31000|364000|-70000|1
1000|26000|278000|-17000|1
1000|40000|397000|-47000|1
1000|26000|-37000|70000|0
1000|28000|233000|5000|1
1000|25000|-75000|-94000|0
1000|32000|-2000|58000|0
1000|31000|560000|-96000|0
1000|30000|41000|57000|1
1000|39000|420000|-32000|1
1000|39000|233000|30000|1
0|34000|53000|-16000|0
0|44000|301000|88000|0
0|40000|423000|81000|0
1000|36000|270000|98000|1
1000|35000|92000|13000|1
1000|40000|225000|95000|1
1000|34000|555000|-57000|0
0|31000|254000|10000|0
1000|30000|-16000|33000|0
1000|40000|179000|48000|1
0|39000|334000|-84000|0
1000|31000|576000|66000|0
0|33000|210000|99000|0
0|36000|101000|72000|0
0|36000|521000|-81000|0
1000|39000|501000|-73000|0
1000|27000|161000|3000|1
1000|39000|-44000|79000|0
0|42000|338000|-37000|0
0|41000|506000|-76000|0
1000|31000|255000|71000|1
0|34000|60000|82000|0
0|29000|416000|-35000|0
0|29000|125000|-28000|0
1000|37000|421000|-23000|1
1000|37000|350000|3000|1
1000|25000|412000|-94000|1
1000|28000|76000|-91000|1
0|27000|-88000|-14000|0
1000|31000|419000|-36000|1
1000|28000|153000|74000|1
0|40000|518000|31000|0
1000|38000|206000|88000|1
1000|41000|7000|-10000|1
1000|36000|-42000|39000|0
1000|31000|156000|32000|1
0|33000|26000|84000|0
0|27000|272000|-17000|0
1000|35000|478000|74000|0
0|42000|466000|-87000|0
1000|31000|76000|-93000|1
0|32000|18000|48000|0
0|28000|101000|-64000|0
1000|37000|57000|83000|1
0|31000|-98000|78000|0
0|44000|-36000|-38000|0
0|28000|346000|44000|0
1000|41000|-25000|-67000|0
1000|25000|557000|-80000|0
1000|33000|34000|-35000|1
0|45000|328000|-76000|0
1000|44000|186000|49000|0
0|42000|22000|-15000|0
0|34000|168000|-80000|0
0|25000|286000|92000|0
1000|34000|416000|-1000|1
0|37000|352000|-17000|0
1000|33000|-19000|-56000|0
1000|26000|345000|60000|1
0|26000|37000|-74000|0
0|25000|398000|8000|0
0|39000|164000|-69000|0
1000|25000|252000|17000|1
0|39000|243000|89000|0
1000|44000|84000|3000|0
1000|26000|25000|-90000|1
1000|33000|-44000|66000|0
0|30000|125000|92000|0
1000|43000|460000|-57000|0
0|44000|537000|58000|0
0|45000|3000|35000|0
0|34000|175000|90000|0
0|36000|392000|-73000|0
0|37000|349000|89000|0
0|31000|148000|9000|0
1000|28000|181000|23000|1
1000|42000|264000|64000|1
1000|45000|270000|2000|0
1000|40000|17000|42000|1
0|34000|-95000|78000|0
1000|32000|163000|-68000|1
0|29000|375000|-87000|0
1000|30000|31000|78000|1
0|42000|304000|19000|0
1000|39000|514000|46000|0
0|34000|320000|-36000|0
0|45000|327000|34000|0
1000|38000|-54000|-72000|0
0|42000|-79000|97000|0
0|33000|347000|7000|0
1000|39000|9000|25000|1
0|26000|596000|80000|0
1000|29000|344000|-91000|1
1000|30000|308000|44000|1
0|33000|68000|-27000|0
0|43000|65000|24000|0
1000|34000|373000|-46000|1
0|35000|-84000|-1000|0
0|28000|90000|-99000|0
1000|32000|205000|80000|1
0|25000|135000|69000|0
1000|41000|122000|-99000|1
0|33000|596000|-15000|0
1000|41000|363000|25000|1
1000|43000|275000|1000|0
0|43000|42000|-87000|0
1000|33000|317000|26000|1
1000|40000|346000|-98000|1
1000|36000|91000|-82000|1
1000|45000|-11000|40000|0
1000|45000|560000|-63000|0
0|45000|300000|96000|0
1000|45000|502000|-27000|0
0|34000|-54000|-100000|0
1000|40000|-34000|-60000|0
0|33000|479000|-81000|0
0|45000|141000|32000|0
0|44000|383000|30000|0
1000|35000|236000|24000|1
0|27000|-27000|-9000|0
1000|37000|527000|-15000|0
1000|26000|418000|-98000|1
1000|26000|212000|84000|1
1000|26000|237000|-25000|1
0|33000|578000|13000|0
0|35000|26000|-42000|0
0|25000|438000|-42000|0
1000|29000|94000|-77000|1
0|30000|385000|18000|0
0|34000|29000|-41000|0
0|36000|444000|98000|0
0|35000|131000|-93000|0
1000|37000|15000|-14000|1
1000|40000|565000|-47000|0
0|30000|101000|-77000|0
0|35000|596000|94000|0
0|26000|360000|-97000|0
0|44000|479000|100000|0
0|43000|552000|78000|0
1000|44000|-25000|60000|0
1000|39000|320000|-77000|1
1000|45000|51000|28000|0
1000|36000|449000|-80000|1
1000|35000|436000|-42000|1
1000|44000|-3000|-91000|0
1000|35000|568000|-46000|0
0|43000|464000|-50000|0
1000|41000|-60000|-33000|0
1000|34000|463000|-97000|0
1000|34000|545000|-79000|0
0|26000|-4000|-16000|0
1000|34000|278000|75000|1
0|43000|83000|-63000|0
0|34000|331000|97000|0
1000|30000|75000|-71000|1
0|41000|115000|75000|0
0|45000|468000|-55000|0
1000|34000|-85000|71000|0
1000|43000|405000|-12000|0
1000|39000|352000|-34000|1
1000|27000|69000|-3000|1
0|40000|-28000|89000|0
0|43000|361000|49000|0
0|29000|534000|39000|0
0|33000|75000|40000|0
0|45000|264000|45000|0
1000|43000|144000|-71000|0
0|29000|494000|-29000|0
1000|43000|159000|65000|0
0|38000|-98000|26000|0
0|25000|420000|60000|0
1000|32000|234000|-39000|1
1000|27000|533000|49000|0
1000|41000|473000|-98000|0
1000|27000|574000|31000|0
1000|44000|234000|78000|0
1000|33000|219000|79000|1
1000|26000|235000|12000|1
1000|31000|552000|-52000|0
0|27000|-44000|-49000|0
0|38000|-96000|-8000|0
1000|41000|528000|81000|0
0|28000|59000|14000|0
0|40000|591000|28000|0
0|29000|385000|35000|0
1000|32000|385000|-65000|1
0|27000|370000|-95000|0
1000|35000|89000|75000|1
1000|34000|-78000|-47000|0
0|33000|311000|-53000|0
0|38000|-96000|85000|0
0|42000|438000|6000|0
1000|36000|467000|34000|0
1000|31000|-61000|-73000|0
0|36000|404000|11000|0
1000|30000|177000|-8000|1
1000|38000|414000|-7000|1
1000|32000|326000|69000|1
0|30000|41000|41000|0
1000|31000|358000|-46000|1
1000|29000|100000|98000|1
1000|41000|87000|36000|1
1000|36000|561000|75000|0
0|28000|173000|-64000|0
0|37000|509000|71000|0
0|30000|211000|-71000|0
0|44000|391000|-61000|0
0|30000|505000|-68000|0
1000|32000|370000|83000|1
1000|25000|485000|-35000|0
1000|43000|468000|4000|0
0|40000|524000|42000|0
1000|38000|497000|21000|0
0|40000|120000|92000|0
1000|26000|331000|-67000|1
0|25000|85000|60000|0
0|36000|459000|17000|0
1000|26000|347000|17000|1
0|26000|364000|-18000|0
0|34000|261000|63000|0
1000|44000|526000|31000|0
1000|31000|514000|-84000|0
1000|40000|527000|-77000|0
0|37000|-84000|-92000|0
0|25000|44000|-69000|0
0|41000|-100000|-10000|0
1000|28000|449000|16000|1
0|26000|524000|23000|0
0|38000|481000|10000|0
0|36000|265000|77000|0
1000|40000|91000|-32000|1
0|44000|135000|-20000|0
1000|27000|310000|50000|1
1000|25000|-48000|-28000|0
1000|41000|570000|-42000|0
1000|30000|113000|-3000|1
1000|38000|461000|42000|0
1000|28000|144000|3000|1
1000|33000|357000|24000|1
0|40000|262000|40000|0
1000|28000|389000|-14000|1
1000|29000|357000|4000|1
1000|45000|514000|45000|0
1000|36000|417000|-61000|1
1000|35000|52000|-16000|1
0|26000|-40000|42000|0
1000|44000|291000|-62000|0
0|31000|101000|-34000|0
1000|37000|299000|-7000|1
0|36000|202000|2000|0
0|37000|400000|58000|0
0|37000|443000|11000|0
0|37000|203000|27000|0
0|29000|514000|8000|0
1000|40000|-79000|-20000|0
0|29000|2000|81000|0
0|45000|556000|88000|0
0|25000|353000|81000|0
1000|26000|142000|-62000|1
0|33000|322000|4000|0
1000|40000|171000|-64000|1
1000|41000|124000|-50000|1
1000|35000|135000|-6000|1
1000|43000|555000|60000|0
1000|37000|485000|67000|0
1000|34000|564000|-12000|0
1000|29000|23000|7000|1
1000|44000|582000|50000|0
1000|38000|-17000|40000|0
1000|37000|383000|-71000|1
1000|35000|249000|40000|1
1000|32000|198000|5000|1
1000|34000|465000|-62000|0
1000|33000|296000|70000|1
0|40000|-69000|-51000|0
0|35000|-80000|97000|0
1000|31000|39000|-70000|1
1000|41000|344000|-21000|1
1000|31000|196000|-75000|1
0|37000|139000|-91000|0
0|30000|-10000|91000|0
0|38000|199000|-48000|0
0|32000|76000|-12000|0
0|29000|573000|35000|0
0|27000|430000|83000|0
0|38000|-37000|-75000|0
0|27000|149000|-58000|0
1000|28000|321000|74000|1
1000|45000|303000|26000|0
0|35000|551000|34000|0
0|42000|234000|-47000|0
1000|32000|393000|-4000|1
1000|31000|-25000|6000|0
0|29000|209000|-44000|0
1000|36000|258000|-17000|1
1000|30000|-39000|-2000|0
1000|34000|127000|-55000|1
0|40000|523000|-9000|0
0|27000|433000|-19000|0
0|40000|-61000|-22000|0
1000|35000|-32000|0|0
1000|44000|334000|59000|0
0|32000|138000|82000|0
1000|26000|285000|-39000|1
0|39000|429000|17000|0
0|38000|234000|-93000|0
0|26000|98000|-30000|0
0|26000|-87000|-43000|0
1000|41000|-33000|-99000|0
0|36000|45000|-28000|0
0|37000|228000|34000|0
1000|37000|-32000|-39000|0
0|39000|332000|-3000|0
1000|38000|406000|-51000|1
1000|29000|473000|74000|0
1000|25000|221000|-14000|1
1000|37000|551000|47000|0
1000|25000|420000|6000|1
1000|34000|75000|56000|1
1000|42000|563000|-87000|0
1000|27000|226000|-68000|1
1000|28000|351000|-10000|1
0|30000|413000|-82000|0
0|32000|179000|-17000|0
1000|38000|471000|-17000|0
0|36000|307000|68000|0
1000|35000|-5000|-52000|0
1000|31000|-21000|-62000|0
0|42000|524000|59000|0
0|27000|116000|-16000|0
0|38000|493000|-72000|0
1000|42000|158000|25000|1
0|32000|22000|86000|0
1000|37000|131000|19000|1
0|41000|-83000|58000|0
1000|31000|48000|61000|1
0|35000|217000|40000|0
1000|35000|67000|-3000|1
0|36000|480000|28000|0
1000|43000|130000|26000|0
1000|39000|359000|68000|1
1000|27000|109000|-46000|1
1000|32000|580000|-23000|0
1000|34000|-87000|-84000|0
1000|45000|370000|10000|0
1000|29000|182000|66000|1
1000|28000|337000|72000|1
0|26000|-28000|-73000|0
1000|42000|301000|80000|1
0|40000|562000|-17000|0
0|28000|496000|-67000|0
1000|34000|105000|58000|1
1000|27000|339000|-40000|1
1000|29000|-68000|22000|0
1000|31000|112000|-73000|1
1000|34000|304000|5000|1
1000|26000|112000|-1000|1
1000|36000|-91000|22000|0
1000|37000|428000|-13000|1
1000|25000|-49000|13000|0
1000|27000|-100000|18000|0
0|28000|33000|-25000|0
1000|45000|253000|86000|0
1000|33000|366000|2000|1
1000|30000|393000|70000|1
0|41000|80000|64000|0
1000|34000|464000|5000|0
0|40000|299000|-84000|0
1000|36000|438000|11000|1
1000|29000|441000|9000|1
1000|40000|179000|45000|1
1000|45000|337000|-61000|0
0|37000|-20000|40000|0
1000|38000|148000|38000|1
1000|27000|241000|-78000|1
1000|33000|509000|-17000|0
0|30000|473000|41000|0
0|31000|345000|85000|0
0|27000|58000|-61000|0
0|39000|352000|55000|0
1000|26000|141000|87000|1
1000|42000|310000|40000|1
0|27000|354000|76000|0
1000|36000|-12000|-18000|0
0|26000|541000|90000|0
1000|35000|49000|-66000|1
0|26000|86000|-27000|0
0|34000|57000|-23000|0
0|32000|-19000|-38000|0
0|39000|329000|-69000|0
1000|32000|1000|2000|1
0|36000|182000|23000|0
1000|40000|-23000|-46000|0
1000|32000|376000|-94000|1
1000|26000|76000|76000|1
0|29000|219000|99000|0
1000|42000|6000|100000|1
0|40000|129000|35000|0
1000|40000|13000|96000|1
1000|41000|470000|-87000|0
0|28000|544000|6000|0
1000|29000|64000|94000|1
1000|37000|354000|14000|1
0|32000|495000|20000|0
0|30000|416000|8000|0
0|32000|202000|72000|0
0|39000|378000|-67000|0
0|30000|253000|24000|0
0|29000|545000|52000|0
0|31000|233000|-1000|0
1000|37000|43000|72000|1
1000|37000|185000|37000|1
1000|36000|286000|-35000|1
0|29000|401000|-89000|0
0|42000|329000|6000|0
0|30000|493000|-75000|0
0|28000|524000|-50000|0
1000|43000|428000|-68000|0
1000|40000|508000|29000|0
1000|34000|-52000|-69000|0
1000|27000|229000|93000|1
1000|45000|-5000|41000|0
1000|25000|540000|99000|0
1000|30000|499000|71000|0
1000|35000|-64000|-39000|0
0|25000|453000|29000|0
0|37000|11000|35000|0
1000|26000|145000|-80000|1
1000|29000|179000|2000|1
1000|44000|399000|18000|0
0|27000|573000|-21000|0
0|31000|317000|-48000|0
1000|27000|277000|41000|1
0|41000|484000|-34000|0
0|32000|471000|-41000|0
1000|33000|122000|-70000|1
0|40000|358000|-42000|0
0|44000|303000|-62000|0
0|35000|377000|-46000|0
0|26000|-25000|62000|0
1000|30000|64000|-55000|1
0|39000|354000|34000|0
1000|45000|110000|-29000|0
1000|44000|432000|-16000|0
1000|27000|516000|39000|0
0|27000|283000|29000|0
1000|41000|72000|10000|1
0|33000|238000|-93000|0
0|45000|-62000|-5000|0
0|44000|207000|-11000|0
0|27000|453000|-35000|0
1000|26000|375000|53000|1
1000|44000|197000|73000|0
0|29000|-39000|-9000|0
0|31000|253000|0|0
0|40000|234000|2000|0
1000|25000|435000|-4000|1
0|36000|209000|-16000|0
1000|31000|78000|-16000|1
0|26000|45000|-80000|0
1000|39000|-42000|98000|0
0|40000|547000|-69000|0
0|36000|225000|57000|0
0|41000|330000|-36000|0
1000|31000|582000|52000|0
0|30000|303000|75000|0
1000|41000|20000|-71000|1
0|31000|-29000|56000|0
0|29000|166000|37000|0
1000|45000|138000|32000|0
1000|26000|521000|-24000|0
0|33000|197000|79000|0
0|31000|136000|-51000|0
1000|25000|588000|71000|0
1000|44000|381000|-94000|0
0|40000|543000|63000|0
1000|26000|112000|-30000|1
1000|40000|-40000|81000|0
0|38000|279000|-26000|0
1000|25000|324000|-30000|1
1000|41000|483000|-21000|0
1000|44000|-6000|-26000|0
1000|29000|430000|81000|1
0|29000|258000|26000|0
0|36000|23000|-49000|0
0|37000|239000|-68000|0
0|33000|108000|-33000|0
0|40000|167000|87000|0
0|38000|524000|-46000|0
1000|33000|256000|6000|1
1000|34000|396000|-86000|1
1000|25000|243000|-93000|1
0|26000|169000|37000|0
1000|30000|12000|-40000|1
1000|32000|362000|-11000|1
1000|27000|232000|-85000|1
1000|30000|-87000|-93000|0
0|39000|220000|29000|0
0|28000|-70000|-68000|0
0|39000|566000|-75000|0
0|37000|195000|57000|0
1000|41000|-35000|-35000|0
0|26000|298000|-82000|0
0|34000|522000|-42000|0
1000|44000|-99000|82000|0
0|44000|-21000|9000|0
1000|30000|197000|21000|1
0|43000|551000|-13000|0
0|45000|36000|83000|0
0|43000|595000|-99000|0
1000|28000|106000|-58000|1
0|29000|6000|-100000|0
0|45000|320000|67000|0
1000|40000|138000|-89000|1
0|35000|299000|-55000|0
0|44000|-27000|-60000|0
1000|42000|497000|94000|0
1000|40000|230000|9000|1
0|25000|409000|85000|0
0|38000|-66000|-66000|0
1000|29000|508000|-41000|0
1000|36000|406000|-9000|1
0|38000|-74000|93000|0
0|25000|62000|48000|0
0|29000|56000|81000|0
1000|30000|24000|-83000|1
1000|43000|221000|-60000|0
1000|36000|545000|-36000|0
0|28000|214000|-48000|0
1000|43000|90000|-97000|0
1000|26000|247000|9000|1
1000|41000|-51000|39000|0
1000|30000|106000|-58000|1
0|42000|412000|86000|0
0|28000|358000|-2000|0
1000|30000|-100000|52000|0
1000|38000|106000|-91000|1
1000|42000|168000|-77000|1
1000|33000|4000|-55000|1
0|34000|441000|88000|0
0|42000|503000|-20000|0
0|39000|413000|-2000|0
0|34000|331000|38000|0
0|35000|108000|89000|0
0|42000|73000|-33000|0
0|25000|525000|-71000|0
0|40000|300000|27000|0
0|27000|164000|-20000|0
1000|40000|123000|-68000|1
0|36000|439000|-15000|0
0|27000|104000|-55000|0
1000|39000|221000|0|1
1000|33000|517000|42000|0
1000|27000|-30000|-51000|0
0|28000|119000|-3000|0
0|41000|378000|-93000|0
0|33000|518000|91000|0
0|34000|45000|71000|0
1000|36000|585000|87000|0
0|32000|55000|81000|0
0|41000|136000|-98000|0
0|39000|500000|-54000|0
0|26000|345000|-40000|0
0|36000|425000|58000|0
0|41000|310000|28000|0
1000|38000|269000|-69000|1
1000|40000|-55000|-8000|0
0|25000|-38000|-37000|0
1000|38000|225000|10000|1
0|41000|130000|-26000|0
0|29000|295000|45000|0
1000|36000|176000|36000|1
0|38000|-72000|-59000|0
0|31000|204000|-98000|0
0|43000|476000|27000|0
1000|39000|187000|-73000|1
1000|44000|141000|43000|0
0|42000|294000|-60000|0
1000|28000|592000|-29000|0
1000|45000|51000|11000|0
0|26000|97000|6000|0
1000|25000|445000|-50000|1
1000|34000|238000|-47000|1
1000|34000|45000|-29000|1
0|28000|204000|-61000|0
0|37000|214000|-46000|0
1000|32000|176000|12000|1
0|44000|439000|26000|0
0|40000|187000|52000|0
1000|33000|550000|84000|0
1000|44000|-34000|90000|0
1000|32000|550000|57000|0
1000|28000|242000|-37000|1
0|36000|469000|-59000|0
0|43000|274000|47000|0
0|43000|48000|-1000|0
1000|26000|598000|35000|0
1000|43000|118000|-33000|0
1000|45000|265000|78000|0
1000|35000|560000|-13000|0
0|33000|368000|-32000|0
1000|41000|133000|50000|1
1000|32000|-55000|-99000|0
1000|37000|273000|-28000|1
0|31000|594000|96000|0
0|31000|90000|-27000|0
1000|29000|415000|-52000|1
1000|27000|340000|-22000|1
1000|27000|88000|-15000|1
1000|36000|399000|25000|1
0|38000|109000|35000|0
1000|37000|545000|17000|0
1000|27000|-32000|80000|0
0|41000|275000|-56000|0
0|29000|388000|-48000|0
1000|36000|243000|19000|1
0|36000|174000|-38000|0
0|25000|563000|-9000|0
1000|36000|119000|81000|1
1000|32000|407000|-9000|1
1000|27000|-28000|-55000|0
1000|41000|577000|98000|0
0|42000|336000|-39000|0
0|45000|309000|50000|0
0|30000|400000|-46000|0
1000|33000|148000|56000|1
0|44000|438000|-9000|0
1000|30000|291000|8000|1
1000|37000|420000|22000|1
0|41000|252000|-59000|0
1000|37000|93000|31000|1
1000|37000|-79000|-71000|0
1000|44000|119000|-3000|0
0|39000|390000|78000|0
0|30000|588000|-69000|0
1000|32000|380000|-71000|1
1000|39000|-46000|25000|0
0|33000|19000|-56000|0
1000|45000|28000|-24000|0
0|40000|508000|94000|0
0|36000|358000|91000|0
1000|33000|177000|49000|1
1000|29000|461000|88000|0
0|45000|593000|98000|0
1000|38000|343000|-23000|1
1000|28000|62000|-7000|1
1000|29000|510000|-8000|0
1000|35000|229000|21000|1
0|42000|300000|-9000|0
0|44000|97000|46000|0
0|37000|-40000|-58000|0
1000|43000|398000|-6000|0
1000|43000|131000|84000|0
0|33000|31000|59000|0
1000|37000|54000|90000|1
1000|25000|165000|12000|1
0|40000|277000|87000|0
1000|44000|340000|92000|0
0|33000|-94000|-40000|0
0|36000|-4000|-93000|0
1000|28000|55000|73000|1
0|26000|29000|-18000|0
1000|27000|528000|-29000|0
0|26000|500000|-3000|0
1000|37000|-24000|95000|0
1000|44000|85000|40000|0
0|37000|-100000|37000|0
1000|42000|595000|-18000|0
1000|31000|147000|-7000|1
1000|25000|102000|-84000|1
1000|30000|195000|61000|1
1000|35000|509000|-85000|0
0|44000|507000|37000|0
1000|36000|246000|-100000|1
1000|37000|353000|-96000|1
0|35000|337000|98000|0
0|34000|262000|-88000|0
1000|29000|24000|55000|1
1000|37000|355000|3000|1
1000|44000|335000|36000|0
0|39000|283000|17000|0
0|28000|310000|88000|0
0|42000|231000|93000|0
0|44000|547000|-57000|0
0|31000|288000|-88000|0
1000|25000|107000|-55000|1
0|28000|561000|80000|0
1000|36000|16000|-58000|1
0|25000|275000|-11000|0
1000|42000|93000|93000|1
0|27000|279000|-100000|0
1000|39000|-56000|-50000|0
1000|26000|401000|-90000|1
1000|37000|206000|-75000|1
1000|25000|206000|-54000|1
0|37000|424000|78000|0
0|37000|424000|75000|0
1000|27000|394000|48000|1
0|25000|48000|76000|0
1000|45000|267000|-6000|0
1000|35000|441000|-84000|1
0|40000|136000|-42000|0
0|26000|299000|9000|0
1000|41000|-1000|-55000|0
0|28000|139000|83000|0
1000|40000|114000|49000|1
1000|32000|506000|87000|0
0|39000|136000|72000|0
1000|30000|184000|-19000|1
0|31000|201000|29000|0
1000|38000|124000|87000|1
0|27000|513000|70000|0
1000|36000|348000|71000|1
0|27000|-11000|-28000|0
1000|42000|400000|-89000|1
1000|44000|400000|-20000|0
1000|36000|-46000|-34000|0
1000|43000|247000|-28000|0
1000|28000|340000|-2000|1
0|39000|241000|81000|0
0|40000|547000|-49000|0
0|35000|93000|49000|0
0|28000|38000|45000|0
0|25000|1000|71000|0
0|36000|565000|-77000|0
0|29000|128000|3000|0
0|42000|501000|29000|0
1000|38000|379000|83000|1
0|31000|318000|-45000|0
0|36000|567000|-10000|0
0|33000|113000|-34000|0
0|38000|232000|-18000|0
1000|45000|367000|-76000|0
0|42000|-42000|-41000|0
0|43000|573000|12000|0
0|32000|115000|57000|0
1000|38000|-91000|-30000|0
0|26000|100000|-72000|0
1000|36000|31000|31000|1
0|30000|321000|-80000|0
0|26000|449000|58000|0
1000|41000|38000|-81000|1
1000|44000|111000|-4000|0
1000|32000|86000|14000|1
0|36000|152000|20000|0
1000|44000|177000|-60000|0
0|45000|121000|-41000|0
1000|34000|202000|-90000|1
1000|29000|433000|30000|1
0|26000|153000|97000|0
0|29000|-47000|-87000|0
1000|31000|367000|78000|1
1000|27000|594000|83000|0
1000|32000|469000|95000|0
1000|31000|262000|81000|1
1000|36000|253000|-95000|1
0|31000|312000|-50000|0
1000|41000|-21000|-41000|0
0|45000|225000|87000|0
0|35000|586000|85000|0
1000|30000|-11000|57000|0
0|39000|346000|-9000|0
1000|30000|305000|55000|1
1000|45000|500000|88000|0
0|26000|37000|-2000|0
1000|33000|304000|58000|1
1000|31000|190000|-17000|1
1000|27000|166000|78000|1
1000|44000|216000|-18000|0
0|30000|192000|73000|0
1000|31000|408000|46000|1
0|42000|468000|-93000|0
1000|44000|103000|75000|0
0|32000|403000|61000|0
1000|32000|59000|75000|1
1000|26000|279000|22000|1
1000|45000|500000|-11000|0
0|37000|352000|64000|0
0|41000|118000|-18000|0
1000|31000|295000|-38000|1
0|33000|510000|50000|0
1000|33000|58000|-63000|1
0|25000|-44000|-94000|0
0|33000|308000|-84000|0
1000|27000|40000|81000|1
1000|33000|259000|-47000|1
1000|26000|302000|-27000|1
0|30000|593000|-1000|0
1000|42000|277000|-63000|1
0|25000|129000|72000|0
0|28000|181000|95000|0
1000|27000|-88000|30000|0
1000|39000|412000|59000|1
0|34000|497000|-83000|0
1000|45000|-45000|-15000|0
1000|37000|39000|-70000|1
1000|32000|220000|91000|1
0|28000|149000|-49000|0
0|42000|121000|-91000|0
0|25000|317000|56000|0
1000|37000|23000|92000|1
1000|42000|203000|12000|1
0|30000|-31000|-24000|0
1000|41000|496000|43000|0
0|25000|418000|39000|0
1000|37000|485000|64000|0
1000|34000|92000|13000|1
0|42000|504000|48000|0
1000|42000|135000|15000|1
0|43000|-41000|-99000|0
1000|40000|204000|57000|1
0|35000|-58000|5000|0
0|27000|247000|79000|0
0|27000|31000|95000|0
1000|35000|214000|72000|1
0|45000|82000|-8000|0
0|38000|-54000|79000|0
0|27000|76000|-4000|0
0|39000|245000|-36000|0
0|40000|107000|-82000|0
0|28000|138000|63000|0
1000|28000|332000|70000|1
1000|37000|4000|-31000|1
1000|32000|554000|59000|0
0|31000|237000|78000|0
0|30000|592000|70000|0
1000|40000|248000|-20000|1
1000|36000|-58000|-7000|0
0|38000|594000|-21000|0
0|31000|339000|-9000|0
1000|45000|247000|-76000|0
0|31000|321000|20000|0
0|32000|584000|-52000|0
0|41000|-30000|-20000|0
0|26000|120000|-64000|0
0|27000|376000|-50000|0
0|43000|-3000|94000|0
0|38000|292000|-83000|0
0|43000|7000|68000|0
0|29000|143000|-70000|0
0|30000|421000|36000|0
0|36000|186000|16000|0
1000|37000|457000|35000|0
1000|28000|271000|-81000|1
1000|33000|309000|-10000|1
1000|31000|112000|6000|1
0|34000|17000|59000|0
0|40000|-69000|74000|0
1000|34000|353000|-58000|1
0|42000|547000|24000|0
0|40000|427000|73000|0
1000|35000|72000|-78000|1
1000|26000|136000|5000|1
0|42000|544000|-13000|0
1000|36000|182000|56000|1
0|44000|8000|-79000|0
0|27000|-89000|-47000|0
1000|41000|549000|-48000|0
0|34000|305000|50000|0
0|35000|475000|25000|0
1000|35000|159000|34000|1
0|44000|31000|22000|0
1000|40000|311000|30000|1
1000|25000|167000|12000|1
1000|43000|-60000|-7000|0
1000|30000|54000|100000|1
1000|37000|184000|-13000|1
1000|30000|209000|27000|1
1000|37000|473000|-71000|0
1000|28000|470000|86000|0
1000|35000|158000|2000|1
1000|37000|159000|-96000|1
0|31000|431000|-71000|0
0|36000|83000|-99000|0
1000|37000|339000|19000|1
1000|31000|427000|74000|1
0|30000|108000|-47000|0
0|40000|234000|-21000|0
0|29000|94000|5000|0
0|37000|122000|-16000|0
1000|41000|196000|90000|1
1000|25000|290000|-72000|1
1000|31000|-11000|-18000|0
0|37000|224000|32000|0
0|35000|-33000|83000|0
0|39000|-35000|-45000|0
0|40000|286000|-16000|0
1000|25000|590000|85000|0
0|37000|-14000|86000|0
0|31000|-66000|-27000|0
1000|31000|344000|-36000|1
0|40000|541000|-39000|0
0|31000|154000|29000|0
0|38000|300000|-41000|0
0|25000|324000|-85000|0
0|30000|188000|-99000|0
1000|42000|48000|74000|1
0|26000|216000|59000|0
0|37000|-11000|64000|0
0|31000|193000|90000|0
1000|41000|531000|72000|0
1000|29000|233000|1000|1
0|44000|204000|68000|0
1000|45000|397000|50000|0
0|32000|-33000|52000|0
0|39000|553000|60000|0
0|45000|80000|42000|0
0|29000|-1000|-68000|0
0|29000|528000|56000|0
0|27000|324000|50000|0
0|26000|-84000|59000|0
0|36000|96000|-70000|0
1000|30000|448000|-17000|1
0|38000|470000|-71000|0
0|36000|273000|-33000|0
0|37000|1000|93000|0
1000|29000|536000|66000|0
1000|29000|317000|-73000|1
1000|39000|403000|-12000|1
1000|39000|-29000|16000|0
1000|27000|15000|12000|1
1000|29000|26000|28000|1
1000|28000|373000|59000|1
1000|42000|49000|51000|1
1000|30000|8000|82000|1
1000|26000|79000|34000|1
0|34000|521000|-44000|0
0|27000|49000|87000|0
0|25000|554000|-42000|0
1000|44000|284000|-26000|0
0|25000|413000|34000|0
1000|34000|313000|49000|1
1000|40000|551000|56000|0
0|43000|-25000|-43000|0
1000|39000|259000|-39000|1
1000|31000|113000|-75000|1
0|40000|581000|34000|0
0|32000|450000|-2000|0
0|45000|82000|-47000|0
1000|39000|-44000|20000|0
0|33000|95000|-16000|0
0|25000|567000|-99000|0
0|30000|507000|81000|0
1000|35000|599000|-33000|0
0|30000|465000|-40000|0
0|36000|507000|-11000|0
0|31000|547000|-83000|0
1000|39000|481000|-53000|0
1000|42000|576000|61000|0
0|45000|79000|8000|0
0|29000|-23000|-7000|0
1000|32000|464000|-37000|0
1000|43000|548000|-69000|0
1000|42000|588000|80000|0
1000|27000|212000|-70000|1
1000|33000|73000|95000|1
0|27000|306000|-69000|0
1000|31000|582000|46000|0
0|33000|-18000|-83000|0
1000|27000|-21000|-75000|0
0|28000|573000|-73000|0
1000|33000|19000|-64000|1
1000|36000|123000|-21000|1
1000|44000|562000|-19000|0
0|43000|350000|1000|0
1000|42000|46000|6000|1
0|31000|580000|-9000|0
0|26000|523000|34000|0
1000|39000|357000|32000|1
0|43000|180000|93000|0
0|41000|-72000|-100000|0
0|25000|465000|82000|0
0|44000|405000|-54000|0
1000|42000|225000|-53000|1
0|26000|480000|-4000|0
1000|26000|10000|1000|1
0|41000|-34000|63000|0
0|35000|533000|-19000|0
0|27000|124000|58000|0
1000|45000|468000|-25000|0
1000|27000|134000|0|1
0|41000|186000|-57000|0
0|29000|-58000|-20000|0
0|41000|-81000|-24000|0
0|37000|44000|-52000|0
0|25000|254000|-26000|0
0|25000|-51000|-41000|0
1000|27000|240000|-76000|1
0|26000|182000|43000|0
0|37000|363000|-78000|0
1000|37000|314000|-91000|1
0|34000|140000|63000|0
0|45000|170000|15000|0
1000|26000|448000|13000|1
1000|44000|199000|-50000|0
1000|37000|33000|78000|1
1000|29000|-68000|47000|0
1000|36000|401000|69000|1
1000|25000|19000|92000|1
0|45000|582000|19000|0
1000|34000|539000|-86000|0
1000|32000|-17000|-73000|0
0|33000|59000|53000|0
1000|40000|544000|12000|0
1000|36000|424000|-43000|1
1000|29000|34000|25000|1
0|30000|222000|68000|0
0|33000|84000|93000|0
1000|35000|8000|62000|1
0|45000|218000|45000|0
1000|41000|587000|-97000|0
0|26000|543000|94000|0
0|43000|196000|-23000|0
1000|38000|50000|-86000|1
1000|32000|188000|-9000|1
1000|34000|274000|-41000|1
1000|27000|29000|-21000|1
0|27000|503000|65000|0
0|32000|349000|40000|0
1000|29000|548000|-22000|0
0|28000|264000|22000|0
1000|35000|237000|22000|1
0|37000|397000|73000|0
1000|32000|-36000|-68000|0
1000|43000|586000|68000|0
1000|28000|341000|-11000|1
0|28000|68000|-100000|0
0|45000|551000|70000|0
1000|27000|487000|51000|0
1000|43000|410000|68000|0
1000|41000|579000|32000|0
0|44000|309000|94000|0
0|29000|337000|-80000|0
1000|41000|-71000|42000|0
1000|42000|286000|81000|1
0|26000|-17000|95000|0
1000|28000|404000|-88000|1
0|29000|301000|-54000|0
1000|29000|-86000|5000|0
0|27000|280000|19000|0
0|37000|13000|28000|0
0|26000|180000|24000|0
1000|25000|567000|43000|0
1000|37000|254000|38000|1
0|31000|188000|29000|0
0|45000|574000|93000|0
0|40000|265000|-8000|0
1000|33000|134000|-49000|1
1000|32000|-86000|56000|0
1000|40000|71000|4000|1
0|25000|311000|-10000|0
0|38000|-81000|4000|0
1000|35000|-30000|-65000|0
1000|38000|127000|-62000|1
0|28000|348000|-49000|0
0|28000|406000|-80000|0
1000|29000|481000|-9000|0
0|32000|542000|81000|0
0|33000|-1000|88000|0
1000|31000|212000|-11000|1
0|25000|222000|28000|0
0|32000|-66000|2000|0
0|42000|587000|67000|0
1000|41000|-60000|60000|0
0|39000|496000|-10000|0
0|38000|82000|41000|0
1000|26000|114000|-10000|1
1000|45000|290000|88000|0
1000|45000|355000|100000|0
0|36000|-72000|-38000|0
0|33000|105000|-73000|0
0|36000|541000|28000|0
0|45000|391000|97000|0
1000|26000|524000|14000|0
1000|36000|338000|-58000|1
1000|40000|-28000|79000|0
0|28000|366000|-32000|0
0|25000|330000|-87000|0
0|32000|589000|-31000|0
0|27000|531000|27000|0
0|39000|572000|-50000|0
1000|39000|204000|-54000|1
1000|36000|104000|15000|1
1000|38000|479000|46000|0
0|39000|410000|41000|0
0|31000|360000|22000|0
0|31000|304000|6000|0
0|40000|301000|82000|0
1000|29000|31000|-21000|1
1000|38000|540000|67000|0
1000|39000|308000|-57000|1
0|39000|346000|-47000|0
0|33000|-7000|-35000|0
0|45000|578000|37000|0
1000|39000|322000|29000|1
1000|43000|353000|48000|0
0|27000|148000|-6000|0
0|31000|329000|-62000|0
1000|38000|-83000|36000|0
1000|39000|453000|-47000|0
0|30000|167000|23000|0
1000|45000|52000|-14000|0
0|39000|447000|9000|0
1000|34000|346000|-24000|1
1000|29000|259000|-36000|1
1000|29000|546000|-17000|0
1000|27000|592000|81000|0
0|26000|231000|-91000|0
1000|29000|266000|-6000|1
1000|26000|537000|96000|0
0|37000|-57000|21000|0
0|43000|427000|26000|0
1000|39000|273000|39000|1
0|37000|223000|-74000|0
1000|43000|393000|44000|0
0|45000|213000|42000|0
0|32000|590000|-44000|0
1000|25000|-44000|48000|0
1000|39000|-55000|-69000|0
1000|42000|185000|-85000|1
1000|30000|559000|-14000|0
0|30000|67000|34000|0
1000|27000|369000|-21000|1
1000|29000|-12000|-24000|0
1000|41000|214000|9000|1
0|34000|69000|-22000|0
0|29000|416000|10000|0
1000|25000|353000|30000|1
0|29000|539000|26000|0
0|43000|394000|-92000|0
0|35000|402000|60000|0
0|40000|536000|54000|0
1000|42000|154000|-73000|1
1000|30000|547000|-97000|0
1000|39000|344000|33000|1
0|28000|134000|-93000|0
1000|30000|-90000|87000|0
1000|43000|364000|56000|0
1000|28000|-56000|-36000|0
0|38000|124000|25000|0
1000|27000|32000|-52000|1
1000|31000|517000|-81000|0
0|35000|413000|59000|0
0|25000|157000|-5000|0
0|30000|57000|80000|0
1000|40000|452000|-42000|0
0|33000|491000|88000|0
0|35000|527000|51000|0
1000|43000|-62000|100000|0
1000|41000|161000|5000|1
1000|27000|310000|-57000|1
1000|29000|192000|-7000|1
1000|25000|515000|-55000|0
1000|28000|377000|-30000|1
0|40000|508000|-23000|0
1000|39000|-91000|91000|0
1000|29000|22000|-45000|1
0|31000|555000|7000|0
0|39000|93000|90000|0
0|32000|-59000|-78000|0
0|35000|11000|47000|0
0|43000|150000|-43000|0
0|35000|259000|84000|0
1000|25000|251000|-42000|1
1000|30000|140000|11000|1
1000|44000|248000|93000|0
0|45000|32000|87000|0
1000|26000|144000|-85000|1
0|25000|-71000|25000|0
0|42000|245000|-88000|0
1000|45000|442000|-78000|0
0|31000|-97000|-4000|0
0|41000|232000|-25000|0
0|33000|188000|90000|0
1000|39000|298000|-31000|1
1000|44000|505000|79000|0
0|43000|469000|0|0
0|43000|327000|38000|0
1000|39000|86000|13000|1
1000|41000|282000|73000|1
0|32000|209000|2000|0
0|45000|39000|-10000|0
0|31000|331000|-27000|0
0|35000|519000|-37000|0
0|28000|153000|-25000|0
1000|34000|408000|46000|1
1000|44000|506000|-61000|0
1000|36000|441000|-23000|1
1000|36000|146000|-54000|1
1000|36000|-94000|55000|0
0|40000|18000|-87000|0
0|30000|370000|59000|0
1000|35000|124000|-40000|1
1000|25000|-51000|-74000|0
0|39000|52000|-81000|0
0|35000|198000|92000|0
0|44000|506000|45000|0
0|28000|494000|-41000|0
1000|30000|151000|-45000|1
0|44000|-90000|-86000|0
0|42000|247000|-56000|0
0|35000|-12000|-97000|0
1000|40000|-24000|-4000|0
1000|38000|596000|-39000|0
0|42000|526000|-13000|0
0|40000|427000|82000|0
1000|40000|317000|84000|1
0|31000|172000|-83000|0
1000|37000|212000|55000|1
1000|35000|223000|46000|1
0|36000|109000|26000|0
1000|37000|551000|37000|0
1000|30000|227000|45000|1
1000|35000|206000|-54000|1
1000|41000|355000|96000|1
1000|34000|373000|-25000|1
0|45000|93000|-86000|0
1000|31000|452000|6000|0
0|32000|101000|0|0
1000|27000|430000|27000|1
1000|31000|264000|-99000|1
0|27000|521000|35000|0
1000|39000|43000|-10000|1
0|39000|-51000|-84000|0
0|43000|565000|47000|0
0|31000|368000|-49000|0
0|35000|135000|-94000|0
1000|41000|414000|-96000|1
1000|37000|432000|-36000|1
0|45000|207000|97000|0
0|37000|71000|-65000|0
0|33000|-36000|30000|0
0|41000|413000|-43000|0
1000|26000|194000|55000|1
1000|42000|86000|-100000|1
0|26000|582000|26000|0
1000|31000|361000|59000|1
1000|26000|112000|69000|1
0|27000|203000|-50000|0
0|36000|541000|70000|0
0|25000|220000|72000|0
1000|45000|437000|41000|0
0|35000|130000|59000|0
0|26000|228000|29000|0
1000|39000|449000|28000|1
1000|36000|534000|-9000|0
1000|28000|171000|-65000|1
0|33000|326000|-28000|0
1000|28000|199000|47000|1
0|44000|177000|-61000|0
1000|40000|54000|-21000|1
0|32000|-47000|34000|0
1000|27000|75000|28000|1
1000|25000|499000|91000|0
1000|25000|-38000|99000|0
1000|25000|457000|11000|0
1000|34000|165000|31000|1
1000|44000|2000|-4000|0
1000|28000|-42000|79000|0
0|31000|-58000|51000|0
0|33000|-38000|-3000|0
1000|25000|517000|-20000|0
0|41000|446000|-87000|0
0|41000|-89000|-92000|0
0|35000|218000|-44000|0
0|40000|127000|1000|0
1000|27000|-40000|30000|0
1000|32000|470000|-72000|0
1000|34000|440000|24000|1
1000|26000|18000|-72000|1
1000|41000|265000|-29000|1
0|36000|32000|-2000|0
0|33000|53000|-43000|0
1000|35000|315000|99000|1
1000|35000|22000|19000|1
0|43000|26000|-21000|0
1000|38000|380000|7000|1
0|31000|228000|67000|0
1000|29000|44000|-72000|1
1000|35000|52000|36000|1
1000|35000|512000|86000|0
0|29000|247000|31000|0
1000|37000|432000|19000|1
1000|34000|216000|-29000|1
1000|32000|-54000|86000|0
0|34000|-46000|-70000|0
0|41000|138000|81000|0
0|37000|37000|74000|0
1000|26000|281000|-53000|1
1000|32000|588000|-19000|0
0|39000|590000|4000|0
0|33000|489000|-62000|0
1000|42000|35000|-46000|1
1000|32000|-41000|-95000|0
1000|32000|57000|89000|1
1000|36000|117000|60000|1
1000|38000|380000|-43000|1
0|31000|-57000|-49000|0
0|33000|440000|-54000|0
1000|39000|490000|-89000|0
1000|30000|131000|-22000|1
1000|38000|511000|-75000|0
1000|35000|351000|58000|1
1000|28000|246000|-2000|1
0|38000|578000|24000|0
0|40000|480000|-68000|0
0|29000|156000|-67000|0
1000|45000|22000|-66000|0
0|37000|181000|79000|0
0|29000|302000|-61000|0
0|44000|106000|55000|0
0|30000|381000|-93000|0
1000|28000|482000|71000|0
0|38000|209000|21000|0
0|25000|-8000|22000|0
0|31000|289000|74000|0
0|41000|505000|57000|0
0|39000|-35000|25000|0
1000|37000|-82000|-9000|0
1000|36000|548000|-27000|0
1000|39000|452000|21000|0
1000|36000|0|10000|0
1000|25000|-94000|-39000|0
1000|40000|121000|98000|1
1000|30000|568000|-64000|0
1000|28000|233000|65000|1
1000|44000|482000|46000|0
1000|34000|164000|19000|1
1000|27000|334000|-74000|1
0|40000|103000|65000|0
1000|33000|164000|8000|1
1000|26000|102000|27000|1
1000|35000|353000|40000|1
0|39000|188000|-69000|0
1000|26000|350000|-71000|1
1000|35000|-74000|53000|0
1000|45000|483000|34000|0
0|25000|445000|-35000|0
0|43000|389000|-90000|0
0|40000|0|-3000|0
1000|26000|83000|78000|1
1000|40000|343000|91000|1
1000|25000|193000|11000|1
0|40000|337000|76000|0
0|29000|555000|-2000|0
1000|31000|-34000|28000|0
0|41000|310000|-7000|0
1000|37000|-16000|32000|0
0|26000|506000|88000|0
1000|40000|-21000|-9000|0
0|38000|-20000|65000|0
0|26000|81000|85000|0
0|31000|72000|61000|0
0|36000|478000|-31000|0
0|31000|436000|62000|0
0|40000|222000|94000|0
0|36000|471000|13000|0
1000|35000|100000|100000|1
0|31000|-58000|-67000|0
0|36000|115000|5000|0
0|44000|-56000|-30000|0
1000|43000|372000|75000|0
1000|45000|493000|24000|0
0|36000|330000|-71000|0
1000|34000|488000|-69000|0
1000|28000|67000|-3000|1
0|39000|-46000|-12000|0
0|38000|583000|-13000|0
0|29000|58000|-44000|0
0|34000|303000|-10000|0
1000|27000|497000|37000|0
1000|41000|104000|-100000|1
0|26000|543000|-21000|0
1000|39000|181000|2000|1
0|41000|202000|23000|0
0|42000|386000|-23000|0
0|26000|104000|41000|0
1000|34000|491000|4000|0
0|33000|-65000|-46000|0
0|29000|392000|-89000|0
1000|33000|532000|28000|0
1000|29000|379000|-83000|1
0|34000|581000|-65000|0
0|41000|176000|-57000|0
0|37000|331000|-19000|0
1000|38000|145000|71000|1
1000|35000|74000|17000|1
0|29000|155000|20000|0
0|43000|516000|-55000|0
0|28000|413000|-25000|0
1000|39000|398000|87000|1
1000|36000|-4000|-75000|0
0|38000|401000|-35000|0
0|26000|-60000|81000|0
1000|39000|56000|-64000|1
0|39000|95000|53000|0
1000|36000|109000|-1000|1
0|42000|107000|-63000|0
1000|34000|82000|86000|1
0|41000|142000|-86000|0
0|29000|299000|-63000|0
0|30000|228000|95000|0
1000|30000|479000|82000|0
0|31000|-82000|-94000|0
0|25000|63000|-4000|0
0|45000|544000|19000|0
0|37000|444000|87000|0
0|29000|546000|-50000|0
0|35000|60000|61000|0
1000|45000|523000|-13000|0
1000|36000|222000|70000|1
1000|31000|410000|-55000|1
1000|43000|47000|11000|0
1000|43000|409000|9000|0
0|37000|-46000|94000|0
0|37000|508000|-24000|0
1000|37000|215000|61000|1
1000|39000|574000|-2000|0
0|39000|161000|42000|0
1000|32000|402000|72000|1
1000|38000|586000|-26000|0
1000|29000|246000|-67000|1
1000|34000|-11000|22000|0
0|30000|128000|-45000|0
1000|26000|125000|-36000|1
1000|31000|194000|-18000|1
0|29000|427000|98000|0
0|36000|119000|11000|0
1000|41000|297000|81000|1
1000|45000|-4000|-28000|0
0|45000|-53000|94000|0
1000|27000|225000|-7000|1
0|31000|594000|-46000|0
0|25000|-27000|-36000|0
0|38000|341000|42000|0
0|26000|480000|-98000|0
0|36000|395000|-35000|0
1000|42000|55000|48000|1
0|34000|240000|-94000|0
0|27000|337000|-8000|0
0|31000|539000|-75000|0
0|39000|134000|-4000|0
0|38000|461000|-21000|0
1000|43000|153000|43000|0
0|36000|277000|89000|0
0|31000|505000|22000|0
1000|34000|268000|-95000|1
1000|35000|467000|-90000|0
1000|40000|-75000|33000|0
0|41000|29000|45000|0
0|26000|58000|84000|0
1000|30000|596000|-17000|0
0|35000|219000|66000|0
1000|36000|404000|-99000|1
0|40000|384000|-71000|0
1000|40000|201000|-63000|1
0|26000|69000|-93000|0
1000|36000|430000|-25000|1
0|35000|253000|81000|0
0|31000|288000|-26000|0
0|28000|216000|-17000|0
0|34000|252000|86000|0
1000|34000|404000|87000|1
1000|25000|443000|41000|1
0|45000|423000|13000|0
0|27000|9000|-55000|0
1000|35000|8000|-90000|1
1000|41000|-55000|-34000|0
0|32000|341000|-37000|0
1000|35000|381000|1000|1
0|28000|-72000|88000|0
1000|30000|531000|-94000|0
1000|38000|331000|91000|1
1000|37000|231000|-37000|1
0|27000|323000|82000|0
1000|44000|181000|100000|0
0|29000|545000|27000|0
0|39000|194000|22000|0
0|33000|521000|-95000|0
1000|25000|327000|-63000|1
0|40000|235000|62000|0
1000|26000|459000|90000|0
0|45000|172000|-24000|0
1000|31000|69000|-7000|1
1000|32000|403000|85000|1
1000|38000|253000|73000|1
0|40000|471000|-94000|0
0|39000|384000|-92000|0
0|31000|72000|98000|0
1000|44000|413000|15000|0
0|35000|-83000|67000|0
1000|35000|483000|27000|0
1000|30000|555000|47000|0
0|25000|393000|-65000|0
1000|45000|62000|-42000|0
0|43000|303000|-69000|0
0|28000|529000|-94000|0
1000|31000|577000|31000|0
0|27000|-66000|-11000|0
0|44000|479000|-89000|0
1000|44000|447000|-29000|0
0|25000|545000|67000|0
1000|33000|439000|-81000|1
0|28000|-24000|-30000|0
0|45000|197000|91000|0
0|40000|558000|5000|0
0|44000|327000|-40000|0
1000|44000|300000|28000|0
0|41000|32000|18000|0
1000|45000|584000|-61000|0
1000|39000|143000|-90000|1
0|32000|313000|10000|0
1000|43000|595000|46000|0
1000|41000|434000|-35000|1
0|31000|307000|-7000|0
0|30000|203000|-24000|0
0|30000|498000|91000|0
1000|34000|305000|-66000|1
0|31000|571000|-8000|0
1000|27000|31000|-85000|1
1000|43000|401000|55000|0
1000|41000|367000|69000|1
1000|37000|329000|-33000|1
1000|29000|35000|-53000|1
1000|40000|121000|-83000|1
1000|36000|477000|-45000|0
0|40000|530000|18000|0
0|43000|365000|98000|0
0|44000|530000|-95000|0
1000|41000|591000|21000|0
1000|44000|254000|-64000|0
0|41000|119000|-47000|0
1000|30000|428000|90000|1
0|33000|-28000|-96000|0
1000|27000|73000|41000|1
1000|38000|397000|-47000|1
1000|45000|255000|92000|0
0|39000|512000|-31000|0
0|26000|375000|60000|0
0|38000|-28000|-50000|0
0|44000|-43000|-20000|0
1000|29000|309000|24000|1
0|42000|120000|-71000|0
0|40000|-20000|-23000|0
1000|35000|564000|-50000|0
0|45000|273000|-58000|0
1000|40000|474000|8000|0
1000|34000|-73000|-42000|0
1000|43000|443000|66000|0
1000|26000|518000|93000|0
1000|43000|132000|-15000|0
0|31000|145000|89000|0
1000|31000|299000|15000|1
1000|39000|-87000|56000|0
0|43000|382000|-69000|0
0|36000|-43000|-42000|0
0|44000|185000|-66000|0
0|43000|254000|32000|0
0|28000|144000|-41000|0
0|27000|241000|88000|0
1000|32000|535000|77000|0
0|42000|479000|69000|0
1000|45000|455000|77000|0
1000|40000|230000|3000|1
1000|32000|547000|14000|0
0|31000|166000|-6000|0
0|44000|544000|49000|0
1000|41000|97000|78000|1
0|25000|405000|51000|0
0|35000|276000|85000|0
0|37000|428000|35000|0
1000|34000|451000|-10000|0
1000|31000|-49000|-3000|0
0|40000|0|-75000|0
1000|39000|-43000|-80000|0
0|44000|376000|-4000|0
1000|38000|572000|-99000|0
0|25000|574000|85000|0
1000|26000|-34000|-16000|0
1000|30000|257000|70000|1
1000|42000|14000|72000|1
0|28000|409000|-59000|0
0|36000|-37000|-7000|0
1000|44000|296000|14000|0
1000|33000|415000|39000|1
1000|43000|501000|7000|0
1000|38000|-43000|75000|0
1000|36000|90000|63000|1
1000|25000|338000|-61000|1
1000|45000|-39000|68000|0
0|38000|270000|-78000|0
0|31000|-9000|72000|0
1000|42000|571000|75000|0
1000|44000|561000|-70000|0
1000|42000|130000|45000|1
0|29000|278000|-92000|0
0|31000|590000|-88000|0
0|30000|417000|-77000|0
1000|32000|277000|93000|1
0|36000|-33000|63000|0
1000|26000|6000|-79000|1
1000|36000|551000|-1000|0
1000|26000|217000|82000|1
1000|27000|353000|-70000|1
1000|30000|159000|7000|1
1000|36000|199000|-33000|1
0|29000|346000|3000|0
0|40000|142000|-18000|0
0|42000|359000|94000|0
0|29000|12000|-1000|0
1000|31000|454000|14000|0
0|43000|422000|-75000|0
1000|43000|251000|15000|0
1000|39000|120000|97000|1
1000|37000|-43000|-10000|0
0|29000|229000|-18000|0
0|35000|484000|6000|0
0|43000|53000|1000|0
0|36000|360000|14000|0
0|34000|276000|-85000|0
0|31000|178000|-81000|0
0|31000|497000|74000|0
1000|39000|-71000|-29000|0
0|45000|428000|44000|0
1000|39000|134000|87000|1
1000|43000|330000|15000|0
1000|35000|424000|-6000|1
1000|37000|-83000|-33000|0
0|34000|189000|-81000|0
0|36000|-81000|-86000|0
1000|44000|67000|-21000|0
1000|28000|334000|27000|1
0|38000|121000|57000|0
1000|30000|-14000|-20000|0
1000|25000|82000|98000|1
1000|28000|230000|-83000|1
1000|36000|210000|-28000|1
1000|29000|-91000|79000|0
1000|28000|499000|-43000|0
0|37000|478000|-52000|0
1000|33000|-8000|92000|0
0|43000|583000|31000|0
1000|41000|337000|-48000|1
0|26000|330000|5000|0
0|43000|306000|62000|0
1000|34000|61000|-79000|1
0|25000|493000|14000|0
0|31000|337000|54000|0
0|35000|529000|-82000|0
0|44000|11000|59000|0
1000|42000|284000|-51000|1
0|32000|217000|-1000|0
1000|33000|232000|-62000|1
0|27000|-4000|-71000|0
1000|32000|461000|-80000|0
0|41000|-38000|-78000|0
0|26000|300000|15000|0
0|32000|453000|-15000|0
0|39000|61000|24000|0
1000|42000|156000|91000|1
1000|33000|496000|-25000|0
1000|33000|283000|57000|1
1000|37000|378000|57000|1
1000|34000|245000|24000|1
0|30000|518000|74000|0
1000|28000|75000|74000|1
1000|33000|539000|10000|0
1000|26000|490000|96000|0
0|35000|397000|37000|0
0|35000|583000|67000|0
0|27000|176000|-55000|0
1000|40000|-94000|-6000|0
0|35000|443000|-75000|0
1000|30000|208000|-53000|1
1000|30000|331000|76000|1
1000|45000|582000|85000|0
0|42000|169000|-65000|0
0|45000|493000|-65000|0
0|25000|261000|-97000|0
1000|35000|346000|54000|1
1000|28000|56000|-10000|1
0|40000|108000|85000|0
1000|28000|31000|-49000|1
1000|42000|42000|-53000|1
0|29000|-57000|-15000|0
1000|37000|-1000|65000|0
1000|27000|78000|-28000|1
1000|28000|210000|33000|1
1000|28000|501000|-43000|0
1000|44000|382000|-91000|0
1000|42000|200000|57000|1
0|34000|393000|40000|0
1000|27000|150000|4000|1
1000|25000|101000|79000|1
1000|44000|287000|-46000|0
1000|34000|53000|37000|1
0|32000|336000|-64000|0
1000|26000|423000|-82000|1
0|44000|9000|-51000|0
1000|30000|529000|96000|0
0|38000|-12000|81000|0
0|32000|333000|62000|0
0|39000|5000|-6000|0
0|44000|-11000|0|0
1000|37000|68000|91000|1
1000|28000|74000|71000|1
0|45000|576000|19000|0
0|36000|-93000|8000|0
1000|36000|-30000|-48000|0
1000|37000|-89000|45000|0
0|28000|529000|97000|0
1000|26000|8000|83000|1
0|30000|10000|3000|0
0|33000|519000|-43000|0
0|37000|85000|60000|0
1000|35000|126000|-32000|1
0|44000|253000|-40000|0
0|29000|425000|-25000|0
1000|41000|-72000|-37000|0
0|37000|13000|68000|0
0|40000|557000|-11000|0
1000|36000|335000|82000|1
0|42000|44000|18000|0
1000|40000|391000|-95000|1
0|37000|116000|81000|0
0|31000|454000|-84000|0
0|37000|88000|93000|0
0|42000|-75000|43000|0
1000|40000|461000|9000|0
1000|41000|16000|84000|1
1000|39000|425000|48000|1
0|37000|70000|90000|0
0|38000|381000|-78000|0
1000|41000|360000|-78000|1
0|45000|9000|-81000|0
1000|33000|19000|-48000|1
0|38000|139000|88000|0
0|32000|73000|89000|0
1000|33000|17000|8000|1
0|38000|512000|-8000|0
0|34000|242000|79000|0
0|27000|319000|-7000|0
0|39000|463000|74000|0
0|35000|77000|81000|0
0|36000|-44000|38000|0
1000|34000|-86000|-18000|0
0|45000|440000|89000|0
1000|37000|327000|93000|1
1000|34000|-48000|77000|0
1000|27000|194000|-64000|1
0|35000|338000|-53000|0
1000|35000|354000|36000|1
0|43000|307000|-37000|0
1000|32000|-90000|74000|0
1000|44000|595000|48000|0
1000|40000|477000|84000|0
1000|30000|69000|-58000|1
0|35000|162000|29000|0
1000|31000|139000|-47000|1
1000|35000|424000|-52000|1
1000|31000|356000|19000|1
1000|44000|-22000|-1000|0
1000|35000|515000|-94000|0
1000|28000|166000|84000|1
0|38000|-90000|-17000|0
0|27000|146000|77000|0
0|31000|116000|19000|0
1000|44000|272000|69000|0
0|32000|594000|-15000|0
0|37000|200000|53000|0
1000|29000|460000|-60000|0
0|30000|587000|-88000|0
1000|35000|537000|16000|0
1000|40000|50000|33000|1
0|38000|466000|-96000|0
1000|45000|481000|65000|0
1000|32000|177000|16000|1
0|30000|-3000|-37000|0
1000|25000|163000|61000|1
1000|36000|575000|-52000|0
0|33000|-60000|-33000|0
0|45000|372000|32000|0
1000|37000|292000|21000|1
1000|41000|395000|99000|1
0|40000|519000|31000|0
0|31000|38000|29000|0
0|43000|-65000|-23000|0
1000|25000|77000|-32000|1
1000|27000|169000|86000|1
1000|44000|11000|85000|0
1000|27000|118000|-81000|1
0|25000|251000|25000|0
0|35000|480000|-68000|0
1000|45000|65000|84000|0
0|32000|398000|-22000|0
1000|42000|400000|-51000|1
0|25000|119000|-60000|0
1000|37000|272000|19000|1
1000|44000|-64000|42000|0
1000|25000|91000|31000|1
0|28000|-87000|45000|0
0|29000|42000|87000|0
1000|42000|289000|-8000|1
1000|42000|376000|-56000|1
1000|26000|497000|33000|0
0|37000|518000|-39000|0
1000|35000|143000|-19000|1
1000|30000|353000|-25000|1
0|31000|42000|61000|0
0|34000|421000|86000|0
0|31000|-74000|86000|0
1000|32000|-72000|34000|0
1000|37000|-84000|-7000|0
1000|37000|206000|-31000|1
0|25000|488000|-63000|0
0|44000|530000|11000|0
1000|39000|460000|0|0
1000|44000|500000|-46000|0
1000|41000|529000|89000|0
0|27000|488000|35000|0
0|43000|254000|47000|0
1000|44000|462000|45000|0
1000|45000|281000|-37000|0
0|28000|246000|-97000|0
0|38000|586000|-69000|0
0|25000|199000|-33000|0
0|34000|89000|24000|0
1000|42000|105000|-63000|1
0|35000|21000|32000|0
1000|45000|-86000|-41000|0
1000|26000|-54000|-93000|0
1000|26000|71000|35000|1
1000|25000|301000|-50000|1
1000|25000|546000|-66000|0
1000|36000|-83000|-25000|0
1000|43000|270000|82000|0
1000|38000|223000|19000|1
1000|35000|436000|24000|1
0|36000|411000|-32000|0
0|36000|85000|39000|0
0|39000|584000|-7000|0
1000|31000|154000|27000|1
0|45000|578000|99000|0
0|38000|156000|-72000|0
0|45000|279000|-22000|0
0|43000|471000|51000|0
1000|37000|437000|69000|1
1000|45000|-95000|-67000|0
0|35000|-97000|55000|0
1000|28000|-79000|16000|0
0|44000|426000|-94000|0
1000|42000|9000|-33000|1
0|28000|580000|-48000|0
1000|32000|520000|1000|0
1000|39000|199000|47000|1
1000|31000|-79000|86000|0
1000|35000|491000|-83000|0
1000|34000|169000|-3000|1
0|32000|-94000|94000|0
0|40000|243000|23000|0
0|35000|-73000|60000|0
0|27000|-40000|-99000|0
0|29000|372000|-4000|0
0|41000|527000|30000|0
1000|37000|463000|11000|0
1000|43000|182000|-31000|0
1000|35000|295000|40000|1
1000|40000|590000|-79000|0
1000|38000|299000|58000|1
0|42000|232000|60000|0
0|41000|-85000|72000|0
1000|30000|120000|-42000|1
0|40000|156000|-1000|0
0|29000|186000|-3000|0
0|34000|584000|-25000|0
1000|33000|172000|97000|1
0|30000|563000|24000|0
0|40000|82000|47000|0
1000|35000|532000|-79000|0
0|31000|245000|-77000|0
0|38000|459000|33000|0
0|31000|-89000|-64000|0
0|27000|32000|62000|0
1000|32000|139000|-80000|1
1000|29000|89000|1000|1
0|40000|502000|63000|0
0|42000|444000|58000|0
0|34000|600000|-7000|0
0|26000|77000|-22000|0
0|27000|0|44000|0
0|37000|118000|34000|0
0|37000|110000|34000|0
0|39000|62000|-7000|0
0|42000|91000|-28000|0
0|37000|106000|-18000|0
0|41000|24000|29000|0
1000|45000|450000|85000|0
1000|33000|114000|71000|1
0|32000|291000|-25000|0
1000|39000|8000|-90000|1
0|38000|558000|-62000|0
1000|38000|385000|94000|1
0|37000|338000|65000|0
1000|27000|178000|-71000|1
1000|39000|515000|-41000|0
1000|26000|95000|84000|1
1000|32000|449000|75000|1
1000|31000|503000|7000|0
1000|38000|387000|86000|1
1000|28000|24000|2000|1
1000|43000|506000|-65000|0
1000|41000|433000|32000|1
1000|27000|104000|-8000|1
0|26000|582000|-29000|0
1000|45000|578000|15000|0
1000|44000|355000|83000|0
0|25000|-55000|58000|0
0|42000|104000|-90000|0
1000|37000|582000|-74000|0
1000|32000|441000|-88000|1
0|26000|-43000|-80000|0
1000|35000|409000|55000|1
1000|41000|115000|-33000|1
1000|45000|275000|-84000|0
1000|40000|363000|-46000|1
1000|38000|188000|-29000|1
1000|33000|375000|83000|1
0|42000|277000|35000|0
0|43000|250000|-46000|0
1000|45000|-81000|48000|0
0|40000|433000|100000|0
0|32000|477000|-39000|0
1000|35000|331000|7000|1
1000|32000|425000|47000|1
0|26000|387000|45000|0
0|39000|398000|-76000|0
0|26000|402000|3000|0
1000|29000|164000|-50000|1
0|26000|401000|-71000|0
0|31000|340000|-34000|0
1000|44000|562000|-52000|0
0|31000|57000|83000|0
0|42000|-60000|37000|0
0|35000|355000|7000|0
1000|41000|293000|85000|1
1000|34000|535000|56000|0
0|34000|202000|53000|0
0|33000|382000|-28000|0
0|31000|209000|33000|0
0|36000|245000|29000|0
0|39000|28000|55000|0
1000|38000|539000|67000|0
1000|29000|90000|-47000|1
0|28000|89000|43000|0
1000|40000|-41000|-91000|0
0|45000|488000|77000|0
0|29000|507000|36000|0
0|28000|353000|11000|0
0|36000|385000|-87000|0
1000|42000|357000|62000|1
1000|42000|458000|-39000|0
1000|44000|478000|62000|0
0|36000|177000|36000|0
1000|36000|436000|99000|1
1000|40000|523000|-16000|0
0|25000|108000|30000|0
1000|34000|330000|-62000|1
1000|44000|569000|4000|0
1000|35000|-2000|-38000|0
0|29000|292000|-53000|0
1000|25000|379000|97000|1
1000|44000|270000|61000|0
0|45000|556000|77000|0
0|43000|16000|-90000|0
0|30000|386000|-89000|0
1000|31000|66000|38000|1
0|39000|344000|-93000|0
0|34000|273000|7000|0
1000|27000|48000|-81000|1
0|39000|346000|-99000|0
1000|27000|245000|-14000|1
0|36000|-21000|-3000|0
0|32000|344000|-6000|0
1000|45000|482000|21000|0
1000|41000|23000|-14000|1
1000|33000|230000|35000|1
0|34000|292000|-68000|0
0|41000|488000|-26000|0
1000|45000|368000|78000|0
1000|30000|550000|-19000|0
1000|36000|64000|-51000|1
1000|37000|95000|-66000|1
0|44000|184000|-30000|0
0|41000|430000|82000|0
1000|37000|74000|-40000|1
1000|26000|64000|86000|1
0|31000|573000|-12000|0
1000|27000|155000|-4000|1
1000|35000|85000|55000|1
0|29000|43000|-66000|0
1000|27000|206000|59000|1
1000|38000|260000|-5000|1
1000|27000|583000|-66000|0
0|36000|325000|-5000|0
0|31000|148000|-29000|0
1000|31000|242000|35000|1
1000|26000|333000|-80000|1
0|25000|89000|23000|0
1000|40000|136000|-83000|1
0|44000|-78000|-17000|0
1000|26000|306000|-71000|1
0|27000|208000|64000|0
1000|36000|333000|82000|1
1000|35000|569000|70000|0
1000|40000|12000|-77000|1
1000|39000|195000|16000|1
1000|34000|568000|-44000|0
0|44000|590000|-26000|0
1000|33000|575000|13000|0
0|27000|254000|-16000|0
1000|27000|404000|66000|1
0|33000|88000|11000|0
0|38000|560000|83000|0
0|28000|543000|-65000|0
1000|36000|430000|-45000|1
1000|38000|88000|87000|1
0|25000|499000|30000|0
0|39000|-70000|20000|0
0|41000|154000|-52000|0
1000|41000|-64000|81000|0
1000|29000|101000|18000|1
0|27000|389000|85000|0
0|40000|62000|33000|0
0|25000|158000|44000|0
1000|26000|372000|12000|1
1000|40000|203000|12000|1
1000|45000|300000|-1000|0
0|27000|89000|33000|0
0|38000|64000|55000|0
1000|35000|414000|33000|1
0|32000|71000|-10000|0
0|30000|129000|6000|0
0|42000|282000|-57000|0
1000|32000|416000|12000|1
0|25000|257000|38000|0
1000|34000|-78000|-28000|0
1000|25000|81000|61000|1
0|43000|567000|-15000|0
0|40000|402000|-43000|0
1000|37000|68000|41000|1
1000|26000|293000|37000|1
1000|26000|-2000|-70000|0
0|34000|545000|25000|0
1000|38000|180000|63000|1
1000|36000|63000|-58000|1
1000|29000|323000|-89000|1
1000|41000|559000|90000|0
1000|44000|241000|53000|0
0|28000|420000|93000|0
1000|32000|409000|22000|1
1000|45000|49000|-16000|0
0|40000|464000|-4000|0
0|31000|482000|46000|0
0|26000|97000|83000|0
1000|33000|242000|50000|1
0|35000|393000|40000|0
1000|30000|520000|16000|0
0|40000|576000|-17000|0
1000|41000|135000|-83000|1
0|30000|211000|-47000|0
1000|43000|232000|-1000|0
1000|32000|368000|-73000|1
0|31000|518000|-88000|0
0|43000|376000|59000|0
1000|34000|536000|65000|0
0|35000|133000|-4000|0
0|40000|565000|-26000|0
1000|39000|196000|-66000|1
0|28000|578000|-54000|0
1000|26000|123000|55000|1
0|32000|469000|58000|0
0|29000|339000|-7000|0
0|35000|-100000|-92000|0
0|36000|157000|-73000|0
0|32000|225000|78000|0
0|41000|313000|51000|0
1000|30000|135000|-30000|1
0|44000|-39000|31000|0
1000|35000|-44000|-26000|0
0|28000|343000|36000|0
0|30000|467000|70000|0
1000|31000|288000|-62000|1
0|41000|188000|27000|0
0|30000|49000|-38000|0
1000|28000|-15000|-18000|0
1000|34000|340000|61000|1
1000|35000|-21000|99000|0
0|32000|0|63000|0
0|30000|275000|-38000|0
0|42000|476000|-70000|0
1000|40000|590000|-64000|0
0|43000|211000|75000|0
1000|31000|281000|-19000|1
0|37000|37000|-23000|0
0|45000|-98000|-78000|0
1000|27000|52000|92000|1
1000|30000|130000|-83000|1
1000|36000|277000|-21000|1
1000|31000|-32000|-27000|0
0|30000|-16000|-97000|0
1000|28000|105000|-42000|1
0|32000|576000|-46000|0
1000|28000|-57000|3000|0
1000|25000|167000|48000|1
1000|30000|114000|38000|1
1000|26000|60000|-13000|1
0|28000|215000|93000|0
0|45000|197000|32000|0
0|44000|262000|29000|0
0|33000|71000|75000|0
0|34000|589000|56000|0
1000|45000|183000|-4000|0
1000|41000|169000|-10000|1
0|41000|332000|71000|0
0|28000|492000|77000|0
1000|43000|282000|54000|0
1000|38000|214000|-22000|1
1000|38000|60000|18000|1
1000|27000|373000|37000|1
0|25000|41000|-43000|0
1000|42000|357000|46000|1
1000|36000|113000|-48000|1
1000|45000|483000|-16000|0
1000|30000|480000|69000|0
1000|32000|352000|-19000|1
1000|25000|360000|60000|1
0|32000|304000|52000|0
0|25000|169000|38000|0
1000|35000|437000|4000|1
1000|36000|-57000|-100000|0
0|44000|-9000|41000|0
0|43000|276000|-47000|0
0|30000|85000|56000|0
1000|41000|419000|72000|1
0|27000|584000|98000|0
0|43000|-24000|-78000|0
0|36000|-6000|76000|0
1000|42000|90000|5000|1
0|35000|248000|-99000|0
0|37000|565000|84000|0
1000|36000|499000|88000|0
1000|28000|11000|26000|1
1000|32000|177000|-78000|1
0|40000|224000|81000|0
0|25000|562000|49000|0
1000|39000|392000|-89000|1
0|29000|-74000|-84000|0
0|45000|-11000|-44000|0
1000|36000|189000|-83000|1
0|37000|52000|20000|0
1000|41000|-63000|34000|0
0|26000|171000|-94000|0
0|31000|403000|82000|0
1000|42000|369000|-7000|1
1000|30000|113000|15000|1
0|31000|202000|-27000|0
1000|40000|-44000|56000|0
0|29000|335000|56000|0
0|26000|145000|-19000|0
1000|40000|53000|5000|1
1000|42000|256000|51000|1
0|40000|126000|-99000|0
1000|32000|88000|-69000|1
0|35000|392000|44000|0
0|25000|356000|-17000|0
0|38000|289000|-87000|0
1000|29000|425000|22000|1
0|44000|488000|-30000|0
1000|42000|245000|77000|1
0|25000|171000|1000|0
0|39000|-89000|12000|0
0|41000|224000|-28000|0
0|41000|339000|-90000|0
1000|29000|-76000|5000|0
0|45000|390000|-3000|0
0|34000|-57000|-45000|0
1000|34000|184000|-97000|1
0|34000|208000|31000|0
0|28000|54000|38000|0
1000|29000|430000|-61000|1
0|36000|303000|45000|0
1000|33000|453000|-65000|0
1000|33000|82000|49000|1
1000|30000|521000|-15000|0
1000|43000|452000|-87000|0
1000|38000|541000|5000|0
1000|27000|559000|70000|0
1000|39000|462000|-26000|0
1000|38000|397000|10000|1
1000|25000|525000|-81000|0
0|37000|594000|-81000|0
0|44000|-76000|-35000|0
1000|30000|376000|-29000|1
0|31000|466000|-34000|0
0|41000|537000|-78000|0
0|41000|277000|-10000|0
1000|40000|102000|18000|1
1000|36000|363000|44000|1
1000|45000|289000|-29000|0
1000|30000|18000|-35000|1
1000|27000|554000|42000|0
0|30000|490000|-73000|0
1000|41000|446000|-50000|1
1000|39000|190000|69000|1
1000|37000|81000|4000|1
1000|41000|357000|-15000|1
0|39000|188000|16000|0
1000|35000|134000|57000|1
0|42000|7000|38000|0
1000|36000|-50000|12000|0
0|40000|254000|-29000|0
0|28000|-69000|-61000|0
0|43000|180000|27000|0
0|33000|524000|-88000|0
0|28000|423000|-16000|0
1000|27000|221000|40000|1
1000|32000|-87000|-21000|0
1000|38000|293000|35000|1
1000|25000|298000|5000|1
1000|45000|98000|-57000|0
1000|42000|446000|-89000|1
0|35000|204000|-37000|0
1000|25000|232000|66000|1
1000|35000|31000|96000|1
0|32000|145000|-91000|0
0|39000|-87000|100000|0
0|44000|408000|46000|0
0|45000|440000|93000|0
1000|40000|391000|-84000|1
1000|41000|20000|56000|1
1000|40000|252000|-80000|1
0|45000|366000|25000|0
0|38000|136000|57000|0
1000|31000|533000|74000|0
1000|43000|590000|-1000|0
1000|43000|519000|45000|0
0|33000|-4000|41000|0
0|27000|514000|3000|0
1000|40000|-100000|-47000|0
0|36000|538000|-34000|0
1000|40000|189000|15000|1
0|40000|21000|-88000|0
0|37000|576000|-39000|0
0|36000|481000|-8000|0
0|34000|40000|80000|0
1000|42000|-73000|40000|0
0|25000|173000|72000|0
1000|28000|22000|-95000|1
0|26000|133000|39000|0
0|40000|162000|73000|0
1000|31000|590000|-5000|0
0|33000|-9000|56000|0
0|38000|223000|-62000|0
1000|43000|115000|4000|0
0|40000|554000|75000|0
1000|38000|91000|-9000|1
1000|29000|-63000|0|0
1000|40000|79000|51000|1
0|31000|130000|35000|0
0|44000|-86000|-5000|0
0|33000|380000|66000|0
0|28000|273000|22000|0
0|37000|57000|38000|0
1000|36000|-36000|18000|0
1000|40000|-90000|-86000|0
1000|31000|189000|94000|1
1000|45000|567000|3000|0
1000|36000|559000|-56000|0
1000|27000|420000|-21000|1
0|37000|385000|76000|0
1000|41000|60000|-90000|1
0|33000|506000|-6000|0
0|45000|152000|-32000|0
1000|35000|-54000|53000|0
1000|44000|126000|-17000|0
1000|34000|-29000|-21000|0
1000|38000|338000|-52000|1
0|34000|447000|-83000|0
1000|39000|357000|-45000|1
0|39000|519000|15000|0
0|30000|255000|-14000|0
1000|41000|529000|-76000|0
1000|44000|-31000|67000|0
0|41000|573000|67000|0
0|42000|-62000|42000|0
0|40000|486000|40000|0
1000|37000|542000|-42000|0
0|27000|280000|-47000|0
1000|26000|100000|87000|1
0|45000|454000|33000|0
0|27000|512000|65000|0
1000|43000|-11000|52000|0
1000|26000|381000|65000|1
0|44000|31000|82000|0
1000|40000|407000|60000|1
0|43000|403000|-100000|0
1000|35000|515000|79000|0
1000|25000|207000|48000|1
0|33000|83000|-67000|0
1000|38000|345000|-37000|1
1000|34000|1000|11000|1
1000|26000|521000|52000|0
1000|28000|-45000|49000|0
0|35000|435000|96000|0
0|36000|421000|-34000|0
1000|31000|592000|86000|0
1000|32000|217000|-81000|1
1000|39000|259000|-27000|1
0|29000|272000|-20000|0
1000|26000|184000|11000|1
0|33000|359000|67000|0
1000|41000|252000|-71000|1
1000|25000|593000|-98000|0
0|40000|-82000|77000|0
0|44000|567000|-15000|0
1000|33000|69000|56000|1
1000|42000|110000|67000|1
1000|38000|108000|90000|1
0|30000|158000|41000|0
0|44000|87000|-7000|0
1000|27000|343000|-23000|1
1000|37000|305000|-91000|1
0|29000|468000|24000|0
1000|25000|-74000|-71000|0
0|31000|480000|90000|0
1000|27000|123000|43000|1
1000|28000|594000|57000|0
0|31000|57000|-52000|0
1000|30000|294000|32000|1
1000|43000|218000|94000|0
1000|43000|550000|32000|0
0|29000|-31000|75000|0
0|26000|210000|94000|0
0|38000|214000|-66000|0
0|33000|136000|-48000|0
0|36000|498000|4000|0
0|26000|431000|-19000|0
1000|35000|415000|65000|1
1000|33000|86000|34000|1
0|33000|165000|-49000|0
0|25000|29000|-43000|0
0|29000|121000|-97000|0
0|35000|45000|36000|0
0|31000|467000|-60000|0
0|34000|432000|-14000|0
1000|36000|408000|-15000|1
0|43000|-11000|10000|0
0|26000|577000|-98000|0
0|39000|363000|94000|0
0|40000|410000|66000|0
0|41000|557000|-43000|0
1000|42000|118000|-53000|1
0|39000|196000|23000|0
1000|41000|515000|-38000|0
0|29000|359000|-29000|0
0|42000|-74000|12000|0
0|27000|98000|-91000|0
1000|34000|259000|-79000|1
1000|37000|162000|-2000|1
1000|25000|361000|-83000|1
0|28000|218000|-61000|0
0|26000|331000|-12000|0
0|34000|274000|-80000|0
0|25000|358000|-35000|0
1000|30000|564000|-43000|0
1000|27000|259000|-17000|1
0|44000|108000|-40000|0
1000|32000|-1000|40000|0
1000|34000|-23000|-17000|0
0|38000|76000|71000|0
1000|41000|277000|-17000|1
1000|28000|140000|33000|1
0|31000|53000|-70000|0
1000|44000|108000|-31000|0
1000|45000|528000|98000|0
1000|38000|339000|74000|1
0|43000|-81000|89000|0
1000|29000|560000|-98000|0
1000|45000|-57000|-9000|0
0|35000|189000|-56000|0
0|40000|185000|-64000|0
0|31000|-49000|-13000|0
1000|36000|291000|10000|1
0|25000|494000|53000|0
1000|29000|168000|-34000|1
0|28000|114000|-26000|0
0|45000|400000|-20000|0
1000|44000|-59000|48000|0
0|28000|169000|-50000|0
0|42000|464000|68000|0
0|30000|413000|79000|0
0|45000|310000|-83000|0
1000|26000|-87000|71000|0
0|33000|117000|-87000|0
1000|33000|265000|50000|1
0|38000|580000|-82000|0
1000|39000|-10000|14000|0
1000|36000|394000|-28000|1
1000|25000|249000|-80000|1
1000|35000|-48000|93000|0
1000|42000|172000|49000|1
0|27000|208000|29000|0
0|40000|137000|56000|0
1000|41000|-52000|5000|0
1000|40000|557000|19000|0
1000|41000|-13000|54000|0
0|44000|140000|65000|0
0|34000|597000|93000|0
0|34000|289000|89000|0
1000|39000|415000|-20000|1
0|38000|367000|53000|0
1000|45000|-85000|-60000|0
0|26000|489000|19000|0
0|27000|425000|23000|0
0|29000|317000|-67000|0
0|26000|247000|-99000|0
1000|30000|539000|16000|0
0|37000|260000|-19000|0
0|40000|575000|-31000|0
0|26000|81000|84000|0
0|42000|527000|43000|0
0|39000|452000|-77000|0
1000|26000|548000|100000|0
1000|25000|509000|-75000|0
0|36000|225000|7000|0
0|31000|346000|-5000|0
1000|38000|305000|89000|1
0|25000|231000|-3000|0
0|33000|-92000|-94000|0
0|31000|463000|76000|0
0|44000|36000|-5000|0
0|36000|-55000|-21000|0
0|44000|414000|-29000|0
0|34000|254000|63000|0
1000|42000|76000|83000|1
0|36000|-17000|-27000|0
0|25000|-42000|-76000|0
0|41000|17000|-14000|0
0|45000|480000|-52000|0
0|42000|132000|-90000|0
0|42000|310000|-11000|0
0|31000|65000|-93000|0
0|34000|539000|-48000|0
1000|29000|144000|-98000|1
1000|35000|79000|-42000|1
0|42000|111000|44000|0
0|35000|581000|-21000|0
1000|25000|518000|55000|0
1000|34000|364000|-8000|1
1000|27000|120000|-82000|1
0|39000|215000|-84000|0
1000|44000|178000|-87000|0
1000|29000|-80000|19000|0
0|34000|545000|-39000|0
0|45000|337000|-96000|0
1000|27000|-15000|-29000|0
0|41000|30000|-92000|0
1000|31000|301000|57000|1
0|26000|-4000|16000|0
0|32000|198000|88000|0
1000|39000|40000|23000|1
0|30000|492000|13000|0
1000|45000|524000|65000|0
0|40000|574000|-59000|0
1000|37000|60000|-28000|1
0|37000|-16000|3000|0
0|41000|-20000|87000|0
0|35000|-73000|-82000|0
0|32000|234000|58000|0
1000|39000|192000|-18000|1
0|32000|19000|23000|0
0|34000|-50000|-13000|0
1000|37000|-4000|14000|0
1000|31000|-59000|-79000|0
1000|29000|376000|67000|1
0|33000|-47000|1000|0
0|43000|496000|-37000|0
1000|36000|-14000|81000|0
0|40000|124000|84000|0
0|30000|98000|-22000|0
1000|36000|-91000|10000|0
0|30000|433000|25000|0
0|33000|388000|-75000|0
0|39000|335000|-98000|0
0|25000|266000|-4000|0
0|36000|274000|-99000|0
1000|35000|94000|1000|1
0|39000|-77000|-48000|0
1000|44000|208000|7000|0
0|25000|394000|70000|0
1000|40000|-7000|-86000|0
0|40000|295000|-26000|0
1000|31000|389000|48000|1
0|28000|562000|-27000|0
1000|39000|244000|-57000|1
0|29000|362000|19000|0
1000|34000|-25000|-66000|0
0|28000|294000|-15000|0
0|41000|247000|11000|0
0|39000|358000|16000|0
0|40000|-4000|-74000|0
0|29000|-22000|-50000|0
1000|41000|359000|31000|1
0|42000|36000|-31000|0
0|38000|-56000|-77000|0
1000|30000|35000|-21000|1
1000|25000|299000|43000|1
1000|30000|332000|70000|1
0|30000|465000|90000|0
1000|35000|223000|-35000|1
1000|36000|-38000|-46000|0
0|32000|334000|10000|0
0|36000|249000|-5000|0
0|42000|240000|-43000|0
0|30000|592000|-5000|0
1000|25000|167000|42000|1
0|27000|-29000|-33000|0
0|29000|-38000|-42000|0
1000|33000|201000|15000|1
1000|40000|369000|49000|1
0|38000|139000|77000|0
0|40000|590000|62000|0
1000|37000|332000|1000|1
1000|43000|66000|78000|0
0|36000|345000|-42000|0
1000|35000|-33000|59000|0
0|31000|487000|85000|0
0|36000|-98000|89000|0
1000|43000|228000|10000|0
1000|38000|273000|23000|1
0|45000|69000|-49000|0
0|43000|87000|-38000|0
1000|45000|112000|-63000|0
0|25000|150000|-94000|0
0|34000|360000|75000|0
1000|28000|350000|-16000|1
1000|45000|145000|-89000|0
1000|33000|316000|-49000|1
1000|39000|452000|-82000|0
0|43000|508000|94000|0
1000|29000|9000|23000|1
0|31000|-63000|-83000|0
0|41000|532000|-52000|0
0|45000|514000|48000|0
0|33000|-75000|-31000|0
0|28000|467000|45000|0
1000|30000|528000|-12000|0
0|33000|295000|-37000|0
1000|29000|258000|86000|1
1000|34000|-45000|-6000|0
1000|26000|49000|-87000|1
0|33000|129000|88000|0
0|42000|586000|-2000|0
1000|32000|422000|84000|1
1000|39000|450000|-16000|0
1000|32000|259000|-42000|1
1000|37000|191000|1000|1
0|35000|70000|-20000|0
0|44000|-99000|96000|0
1000|36000|137000|31000|1
0|27000|268000|2000|0
1000|41000|93000|79000|1
1000|42000|306000|-84000|1
1000|32000|546000|0|0
0|32000|63000|-96000|0
0|27000|484000|-100000|0
0|38000|104000|-33000|0
0|25000|142000|-36000|0
0|31000|277000|-32000|0
0|25000|283000|7000|0
1000|35000|460000|-9000|0
1000|41000|538000|17000|0
1000|34000|60000|31000|1
0|28000|-96000|-57000|0
0|32000|-54000|-54000|0
1000|37000|355000|75000|1
0|45000|8000|-28000|0
1000|45000|206000|-22000|0
1000|41000|477000|-28000|0
1000|28000|54000|53000|1
0|30000|584000|18000|0
1000|28000|462000|-96000|0
0|41000|499000|33000|0
0|32000|465000|17000|0
0|39000|401000|34000|0
0|35000|54000|-48000|0
1000|33000|307000|-14000|1
1000|45000|2000|-31000|0
0|39000|504000|63000|0
0|27000|589000|-10000|0
0|27000|262000|-51000|0
0|30000|-19000|-23000|0
1000|27000|298000|-93000|1
1000|25000|506000|-96000|0
0|35000|8000|72000|0
1000|27000|291000|-40000|1
0|33000|255000|-17000|0
1000|39000|469000|5000|0
0|36000|406000|51000|0
1000|27000|562000|21000|0
1000|36000|465000|90000|0
0|39000|-47000|79000|0
0|25000|193000|-89000|0
1000|33000|-73000|79000|0
0|29000|544000|78000|0
1000|28000|282000|76000|1
1000|40000|-83000|17000|0
0|33000|402000|72000|0
1000|43000|515000|65000|0
0|40000|339000|62000|0
0|25000|271000|87000|0
0|31000|244000|70000|0
0|33000|315000|97000|0
1000|25000|550000|-44000|0
1000|44000|229000|53000|0
0|31000|192000|-33000|0
0|42000|351000|82000|0
0|36000|-96000|85000|0
1000|38000|378000|-47000|1
0|44000|275000|-91000|0
1000|32000|436000|58000|1
0|36000|48000|-69000|0
1000|28000|-89000|-21000|0
0|30000|453000|83000|0
1000|41000|146000|-16000|1
0|37000|568000|-35000|0
1000|39000|117000|36000|1
1000|37000|-73000|-81000|0
0|34000|286000|41000|0
1000|28000|366000|56000|1
0|30000|-85000|-65000|0
1000|41000|120000|29000|1
0|45000|478000|-50000|0
1000|25000|409000|-38000|1
1000|38000|86000|-80000|1
0|38000|-98000|59000|0
0|43000|535000|10000|0
0|29000|103000|17000|0
1000|41000|-51000|35000|0
0|42000|101000|50000|0
1000|42000|544000|75000|0
1000|41000|-53000|15000|0
1000|34000|290000|-40000|1
1000|32000|439000|85000|1
1000|31000|-30000|37000|0
0|29000|320000|-82000|0
1000|37000|-44000|-88000|0
1000|29000|432000|-12000|1
0|25000|95000|-40000|0
0|36000|58000|9000|0
1000|26000|-76000|-62000|0
1000|45000|111000|19000|0
0|34000|471000|61000|0
0|44000|478000|70000|0
0|25000|199000|-58000|0
1000|39000|348000|60000|1
0|43000|271000|-88000|0
1000|26000|506000|63000|0
0|29000|-42000|-14000|0
1000|31000|439000|49000|1
0|26000|29000|-22000|0
0|40000|249000|-93000|0
0|27000|113000|91000|0
1000|39000|-97000|-39000|0
1000|32000|13000|34000|1
0|39000|571000|-60000|0
1000|44000|154000|-37000|0
0|37000|142000|-40000|0
0|39000|150000|-92000|0
1000|27000|124000|-1000|1
1000|35000|205000|5000|1
1000|30000|450000|10000|0
0|29000|65000|58000|0
1000|34000|557000|-26000|0
1000|42000|543000|66000|0
0|26000|538000|24000|0
0|27000|154000|-25000|0
1000|45000|-80000|-40000|0
1000|37000|530000|-86000|0
0|27000|406000|100000|0
1000|45000|83000|-61000|0
0|45000|185000|-63000|0
1000|26000|498000|-40000|0
1000|38000|32000|36000|1
0|32000|210000|53000|0
1000|31000|439000|-11000|1
0|30000|521000|30000|0
0|26000|439000|-58000|0
1000|35000|485000|-50000|0
1000|29000|441000|0|1
0|25000|-31000|-27000|0
1000|32000|445000|-49000|1
0|34000|-48000|-10000|0
0|33000|228000|-66000|0
1000|35000|80000|74000|1
1000|37000|13000|5000|1
0|42000|442000|19000|0
0|38000|265000|-88000|0
1000|43000|73000|-30000|0
1000|30000|200000|97000|1
0|37000|123000|48000|0
0|27000|224000|39000|0
1000|26000|333000|-60000|1
1000|37000|344000|-37000|1
0|41000|-78000|-56000|0
0|40000|-92000|99000|0
0|38000|395000|79000|0
0|44000|477000|0|0
1000|35000|484000|14000|0
0|32000|42000|-90000|0
0|42000|513000|51000|0
1000|27000|569000|-4000|0
0|30000|288000|-55000|0
1000|29000|88000|96000|1
1000|38000|-69000|-1000|0
1000|37000|511000|-5000|0
0|35000|112000|53000|0
1000|30000|-80000|50000|0
0|43000|-89000|-47000|0
1000|27000|16000|90000|1
1000|38000|-1000|3000|0
0|44000|128000|17000|0
0|30000|412000|-79000|0
0|33000|182000|6000|0
0|27000|186000|42000|0
1000|27000|98000|93000|1
0|41000|-66000|25000|0
1000|25000|215000|-6000|1
1000|29000|589000|-71000|0
1000|45000|43000|95000|0
0|45000|364000|47000|0
0|36000|543000|-14000|0
0|39000|247000|27000|0
1000|31000|-80000|-23000|0
0|43000|542000|80000|0
1000|39000|207000|34000|1
1000|29000|-5000|38000|0
1000|36000|212000|84000|1
0|28000|40000|-51000|0
1000|29000|118000|-100000|1
1000|44000|327000|5000|0
0|27000|345000|29000|0
0|45000|207000|21000|0
1000|43000|307000|-10000|0
0|36000|567000|-89000|0
1000|31000|30000|16000|1
0|30000|-48000|77000|0
1000|40000|178000|-60000|1
1000|45000|265000|-50000|0
1000|28000|32000|87000|1
1000|34000|160000|-25000|1
1000|35000|379000|-80000|1
0|31000|50000|-32000|0
1000|25000|12000|94000|1
1000|31000|83000|-21000|1
1000|33000|202000|36000|1
0|38000|329000|-34000|0
1000|35000|550000|41000|0
1000|32000|579000|4000|0
0|45000|-28000|96000|0
0|44000|-1000|-25000|0
0|30000|45000|16000|0
1000|41000|289000|-82000|1
1000|36000|511000|-10000|0
0|42000|195000|-97000|0
0|35000|475000|-42000|0
0|28000|214000|-14000|0
0|31000|467000|-28000|0
0|31000|279000|-64000|0
0|38000|-31000|85000|0
0|42000|380000|-75000|0
1000|36000|541000|95000|0
1000|32000|368000|-42000|1
0|32000|313000|30000|0
1000|39000|404000|-46000|1
1000|27000|280000|-22000|1
1000|33000|325000|22000|1
0|39000|524000|45000|0
0|34000|380000|96000|0
0|26000|488000|99000|0
1000|41000|341000|88000|1
0|45000|-80000|94000|0
1000|42000|288000|-24000|1
0|27000|139000|-89000|0
0|43000|137000|-39000|0
1000|44000|42000|76000|0
0|28000|336000|-69000|0
1000|37000|-43000|17000|0
1000|39000|196000|-79000|1
0|36000|508000|74000|0
0|29000|364000|42000|0
0|26000|219000|96000|0
1000|28000|554000|28000|0
0|27000|475000|-49000|0
0|40000|372000|29000|0
1000|43000|133000|72000|0
1000|45000|-79000|56000|0
0|32000|-38000|-62000|0
0|37000|472000|93000|0
0|34000|59000|-64000|0
0|39000|353000|97000|0
0|40000|487000|-86000|0
1000|28000|100000|-66000|1
1000|28000|-61000|38000|0
0|34000|150000|-49000|0
1000|29000|316000|84000|1
1000|34000|74000|62000|1
1000|25000|-8000|15000|0
1000|40000|159000|-41000|1
1000|36000|58000|-30000|1
0|44000|213000|78000|0
0|37000|72000|-52000|0
1000|33000|179000|-21000|1
0|44000|171000|-86000|0
1000|40000|459000|-48000|0
1000|33000|-68000|-47000|0
0|31000|491000|16000|0
1000|37000|56000|-77000|1
0|37000|-94000|16000|0
1000|29000|126000|-3000|1
0|30000|119000|88000|0
1000|37000|378000|-60000|1
1000|40000|-6000|-59000|0
0|40000|401000|54000|0
1000|28000|268000|-94000|1
0|44000|29000|-48000|0
0|38000|-32000|-79000|0
0|35000|596000|-91000|0
1000|33000|147000|14000|1
0|42000|174000|17000|0
0|39000|410000|52000|0
1000|34000|481000|-40000|0
0|30000|196000|-9000|0
1000|27000|296000|95000|1
0|33000|596000|94000|0
1000|30000|23000|-61000|1
0|35000|266000|83000|0
1000|26000|502000|-54000|0
0|26000|55000|92000|0
0|39000|-10000|12000|0
0|29000|1000|35000|0
1000|29000|267000|12000|1
0|45000|206000|-64000|0
1000|35000|324000|99000|1
0|41000|491000|-80000|0
1000|28000|232000|91000|1
1000|37000|164000|65000|1
0|27000|516000|-100000|0
0|25000|216000|-17000|0
0|37000|516000|-10000|0
0|45000|95000|70000|0
1000|33000|312000|94000|1
1000|35000|149000|12000|1
1000|26000|-90000|71000|0
1000|26000|581000|7000|0
1000|31000|-95000|-73000|0
0|44000|212000|-27000|0
1000|44000|-5000|23000|0
1000|30000|360000|-88000|1
1000|43000|227000|37000|0
1000|44000|-37000|-28000|0
0|41000|586000|-85000|0
1000|31000|129000|-6000|1
0|39000|185000|52000|0
1000|44000|331000|63000|0
0|30000|172000|12000|0
0|30000|501000|24000|0
1000|26000|38000|-72000|1
0|28000|547000|-27000|0
0|28000|205000|-7000|0
1000|27000|474000|76000|0
0|37000|370000|-14000|0
0|32000|-20000|-40000|0
1000|39000|592000|-46000|0
0|44000|599000|-75000|0
1000|39000|554000|-7000|0
0|35000|1000|-12000|0
1000|34000|-14000|-40000|0
0|26000|580000|2000|0
1000|40000|-64000|36000|0
0|30000|42000|66000|0
1000|31000|333000|-39000|1
0|39000|527000|-57000|0
0|32000|111000|26000|0
1000|44000|176000|49000|0
1000|40000|-82000|44000|0
1000|25000|259000|55000|1
1000|45000|369000|-76000|0
0|31000|225000|-15000|0
1000|35000|367000|-40000|1
0|33000|206000|-95000|0
1000|44000|599000|-53000|0
0|26000|182000|83000|0
1000|44000|-24000|-86000|0
1000|28000|163000|49000|1
1000|37000|77000|-31000|1
1000|28000|75000|14000|1
0|33000|331000|-22000|0
1000|31000|62000|-62000|1
0|27000|328000|-70000|0
1000|25000|159000|86000|1
1000|36000|368000|98000|1
1000|42000|107000|45000|1
0|34000|-48000|96000|0
0|35000|541000|76000|0
1000|37000|582000|-73000|0
0|32000|416000|21000|0
0|29000|252000|-34000|0
1000|29000|-78000|18000|0
1000|38000|447000|91000|1
1000|39000|104000|-19000|1
0|25000|420000|-46000|0
0|36000|-77000|10000|0
1000|41000|347000|26000|1
0|26000|468000|-8000|0
0|42000|149000|3000|0
0|25000|5000|-67000|0
1000|38000|421000|87000|1
1000|29000|-61000|-85000|0
0|32000|-76000|80000|0
1000|27000|28000|74000|1
0|26000|458000|-70000|0
0|42000|368000|-95000|0
0|42000|486000|2000|0
1000|34000|222000|-85000|1
0|43000|543000|-49000|0
1000|36000|268000|62000|1
0|39000|64000|-32000|0
1000|41000|535000|11000|0
0|33000|261000|90000|0
1000|25000|364000|44000|1
0|41000|92000|-41000|0
0|44000|260000|-57000|0
0|37000|47000|-47000|0
0|38000|226000|92000|0
1000|27000|66000|-65000|1
0|43000|43000|-53000|0
1000|26000|395000|77000|1
1000|31000|94000|70000|1
1000|45000|507000|-74000|0
0|30000|45000|62000|0
1000|41000|210000|71000|1
1000|31000|366000|96000|1
1000|30000|152000|24000|1
0|31000|72000|86000|0
0|43000|2000|46000|0
0|25000|74000|89000|0
0|39000|153000|-33000|0
0|43000|444000|-32000|0
1000|32000|278000|81000|1
1000|30000|396000|36000|1
1000|45000|383000|-85000|0
0|28000|582000|18000|0
1000|41000|546000|-4000|0
0|25000|358000|62000|0
0|28000|-3000|8000|0
0|29000|468000|-12000|0
0|29000|16000|-53000|0
0|45000|-83000|57000|0
1000|27000|461000|-25000|0
1000|25000|285000|-73000|1
0|29000|389000|-46000|0
1000|29000|317000|-30000|1
0|41000|303000|73000|0
1000|36000|83000|-29000|1
0|25000|557000|-77000|0
0|37000|453000|-11000|0
1000|28000|571000|-60000|0
0|36000|-71000|-24000|0
0|31000|482000|26000|0
1000|42000|-82000|-26000|0
0|40000|479000|-69000|0
1000|28000|-81000|17000|0
1000|33000|225000|-56000|1
0|37000|347000|98000|0
1000|27000|27000|-62000|1
1000|35000|196000|15000|1
0|45000|599000|31000|0
1000|34000|133000|68000|1
0|37000|213000|11000|0
0|45000|120000|-39000|0
0|27000|-65000|-92000|0
0|43000|160000|41000|0
0|40000|272000|97000|0
0|26000|84000|83000|0
1000|39000|255000|-69000|1
0|27000|161000|14000|0
0|39000|15000|-5000|0
1000|37000|47000|52000|1
0|35000|-72000|-51000|0
1000|38000|-71000|-5000|0
0|27000|59000|11000|0
0|40000|-32000|7000|0
0|39000|443000|-94000|0
1000|26000|593000|12000|0
0|33000|253000|-50000|0
1000|42000|524000|77000|0
0|38000|117000|58000|0
0|40000|-43000|-78000|0
1000|27000|363000|50000|1
0|45000|598000|-56000|0
0|34000|407000|-43000|0
1000|30000|318000|-59000|1
0|42000|0|-56000|0
1000|44000|-46000|-7000|0
1000|28000|507000|80000|0
1000|32000|209000|-57000|1
0|38000|300000|58000|0
0|45000|405000|20000|0
0|42000|26000|-70000|0
0|40000|245000|-19000|0
1000|44000|472000|-37000|0
0|25000|285000|57000|0
0|43000|347000|50000|0
0|37000|409000|27000|0
1000|37000|-99000|45000|0
0|45000|-22000|92000|0
0|36000|14000|32000|0
0|43000|164000|16000|0
0|31000|-88000|65000|0
1000|37000|400000|5000|1
0|25000|569000|20000|0
0|30000|134000|87000|0
1000|40000|485000|-64000|0
1000|39000|349000|-39000|1
0|30000|343000|60000|0
1000|25000|46000|-65000|1
0|34000|110000|-79000|0
1000|27000|68000|44000|1
1000|31000|19000|-88000|1
1000|42000|180000|-93000|1
1000|33000|355000|50000|1
0|27000|533000|84000|0
1000|29000|544000|-29000|0
1000|27000|10000|-14000|1
1000|44000|81000|-58000|0
0|29000|341000|-19000|0
0|41000|534000|-7000|0
1000|41000|317000|24000|1
0|39000|237000|-79000|0
1000|30000|355000|-11000|1
0|40000|490000|-87000|0
1000|34000|589000|-82000|0
0|36000|266000|78000|0
1000|41000|560000|-64000|0
1000|34000|200000|4000|1
1000|36000|126000|22000|1
0|34000|337000|18000|0
1000|43000|-45000|63000|0
0|32000|425000|12000|0
0|39000|522000|67000|0
1000|42000|230000|34000|1
0|30000|91000|-60000|0
0|29000|95000|41000|0
0|36000|130000|-97000|0
1000|26000|-28000|18000|0
1000|39000|563000|-86000|0
0|32000|174000|43000|0
0|37000|503000|9000|0
1000|37000|113000|-81000|1
1000|40000|542000|80000|0
0|28000|74000|-67000|0
1000|41000|-40000|-15000|0
0|33000|39000|-11000|0
0|36000|211000|-54000|0
0|31000|379000|80000|0
0|39000|-39000|-88000|0
1000|44000|-29000|-24000|0
1000|36000|447000|-56000|1
0|38000|495000|63000|0
1000|40000|21000|86000|1
0|25000|178000|-98000|0
0|32000|514000|-96000|0
1000|34000|468000|6000|0
0|45000|89000|90000|0
1000|41000|211000|59000|1
0|32000|-92000|81000|0
1000|31000|234000|-11000|1
0|43000|531000|54000|0
0|27000|573000|99000|0
1000|45000|-85000|-51000|0
1000|34000|62000|98000|1
0|30000|521000|31000|0
1000|28000|573000|-28000|0
0|42000|49000|25000|0
0|37000|533000|44000|0
0|36000|565000|56000|0
0|44000|464000|88000|0
1000|44000|512000|43000|0
1000|32000|428000|80000|1
0|31000|399000|78000|0
0|39000|-74000|24000|0
1000|29000|172000|42000|1
1000|42000|546000|-9000|0
1000|27000|-46000|-26000|0
0|40000|100000|-35000|0
1000|29000|-94000|-27000|0
1000|33000|385000|-86000|1
1000|43000|516000|67000|0
1000|44000|-77000|-7000|0
1000|45000|8000|88000|0
0|35000|306000|-34000|0
1000|38000|485000|15000|0
1000|39000|589000|-71000|0
0|25000|439000|52000|0
1000|25000|221000|66000|1
1000|39000|373000|67000|1
0|30000|264000|0|0
1000|29000|482000|50000|0
1000|43000|134000|54000|0
1000|25000|423000|54000|1
1000|39000|-29000|19000|0
1000|26000|165000|68000|1
0|27000|280000|-35000|0
1000|32000|463000|92000|0
1000|35000|155000|-17000|1
0|29000|452000|96000|0
0|35000|441000|7000|0
0|30000|191000|-33000|0
0|44000|406000|76000|0
1000|35000|377000|-36000|1
1000|25000|469000|34000|0
1000|40000|385000|-50000|1
0|40000|452000|76000|0
1000|29000|127000|-85000|1
0|41000|367000|97000|0
0|29000|104000|-39000|0
0|42000|243000|-40000|0
0|39000|237000|32000|0
1000|35000|321000|-38000|1
0|38000|27000|-91000|0
1000|33000|119000|88000|1
1000|27000|411000|17000|1
0|40000|112000|-67000|0
1000|28000|473000|93000|0
1000|25000|492000|-37000|0
1000|44000|456000|-88000|0
1000|33000|462000|27000|0
0|27000|423000|-17000|0
0|31000|138000|82000|0
0|36000|336000|98000|0
0|42000|503000|22000|0
0|29000|406000|-11000|0
0|27000|270000|0|0
0|27000|207000|-72000|0
1000|33000|561000|11000|0
1000|36000|515000|100000|0
0|32000|240000|-79000|0
0|29000|446000|-33000|0
0|35000|580000|76000|0
0|26000|284000|-57000|0
1000|30000|218000|45000|1
0|28000|114000|-9000|0
0|43000|578000|-20000|0
1000|33000|489000|0|0
1000|45000|339000|37000|0
1000|40000|270000|40000|1
1000|28000|371000|27000|1
0|28000|262000|77000|0
1000|45000|447000|-5000|0
1000|45000|440000|75000|0
0|30000|345000|16000|0
0|44000|487000|1000|0
1000|29000|8000|-31000|1
0|36000|470000|94000|0
1000|33000|156000|-24000|1
0|32000|36000|-30000|0
1000|41000|94000|57000|1
1000|34000|441000|-14000|1
0|39000|75000|92000|0
1000|40000|122000|-89000|1
1000|45000|464000|-96000|0
1000|33000|221000|-18000|1
1000|38000|12000|14000|1
0|36000|130000|-82000|0
1000|43000|577000|57000|0
1000|35000|-30000|44000|0
0|42000|186000|-100000|0
0|33000|-96000|69000|0
1000|34000|46000|-57000|1
1000|37000|102000|-54000|1
1000|27000|-88000|6000|0
1000|43000|260000|-12000|0
0|28000|258000|-70000|0
0|44000|130000|31000|0
1000|38000|244000|35000|1
0|38000|-55000|-15000|0
1000|38000|428000|11000|1
0|27000|-12000|18000|0
0|43000|68000|-12000|0
0|42000|93000|-22000|0
1000|31000|453000|99000|0
1000|42000|-19000|29000|0
0|37000|-46000|-19000|0
1000|44000|197000|-1000|0
0|43000|235000|-80000|0
0|43000|60000|30000|0
1000|25000|238000|-1000|1
1000|41000|440000|-23000|1
0|36000|418000|84000|0
1000|27000|-15000|-21000|0
0|29000|509000|12000|0
0|41000|103000|89000|0
1000|25000|-55000|-51000|0
1000|35000|41000|-66000|1
1000|36000|237000|96000|1
1000|42000|214000|42000|1
0|25000|598000|-71000|0
1000|38000|514000|2000|0
0|39000|-51000|-94000|0
0|38000|-92000|-87000|0
0|33000|425000|-29000|0
1000|32000|535000|-97000|0
1000|30000|352000|7000|1
0|38000|10000|-91000|0
0|31000|6000|87000|0
0|37000|29000|28000|0
0|43000|78000|-42000|0
0|44000|429000|-100000|0
1000|32000|77000|-86000|1
0|40000|447000|-56000|0
1000|40000|163000|68000|1
0|42000|92000|-24000|0
1000|28000|567000|22000|0
1000|41000|462000|48000|0
0|36000|213000|84000|0
1000|43000|154000|-37000|0
0|42000|30000|-84000|0
1000|34000|532000|-85000|0
0|39000|-60000|55000|0
1000|31000|596000|15000|0
1000|38000|539000|-38000|0
0|26000|364000|-42000|0
1000|41000|224000|61000|1
0|45000|550000|-11000|0
1000|27000|600000|-57000|0
1000|33000|357000|77000|1
1000|25000|516000|-48000|0
1000|35000|-3000|69000|0
1000|36000|494000|-99000|0
1000|27000|150000|61000|1
1000|37000|227000|-6000|1
1000|43000|-89000|72000|0
0|32000|134000|-18000|0
0|31000|339000|87000|0
0|42000|442000|67000|0
1000|41000|314000|26000|1
1000|32000|472000|-28000|0
1000|40000|298000|62000|1
1000|34000|181000|94000|1
0|27000|598000|59000|0
0|36000|260000|-28000|0
0|28000|373000|-64000|0
0|35000|17000|-71000|0
0|28000|407000|-85000|0
0|32000|328000|-98000|0
1000|39000|289000|-11000|1
1000|38000|-12000|-74000|0
0|35000|522000|-76000|0
0|33000|22000|-94000|0
0|43000|35000|86000|0
1000|41000|144000|91000|1
1000|39000|441000|-73000|1
1000|37000|554000|-54000|0
1000|30000|318000|-26000|1
1000|26000|321000|30000|1
1000|26000|534000|-93000|0
1000|27000|407000|-72000|1
1000|37000|128000|37000|1
0|35000|311000|-15000|0
1000|28000|-17000|88000|0
0|25000|258000|61000|0
0|34000|-79000|48000|0
1000|43000|79000|43000|0
0|27000|-95000|85000|0
0|45000|-2000|-99000|0
0|30000|588000|-26000|0
1000|32000|-45000|33000|0
1000|27000|32000|-90000|1
0|42000|292000|-30000|0
1000|25000|150000|41000|1
1000|26000|161000|74000|1
0|25000|323000|-48000|0
1000|32000|-9000|50000|0
1000|38000|-24000|-8000|0
0|41000|387000|-57000|0
0|26000|145000|42000|0
0|25000|482000|29000|0
1000|27000|541000|91000|0
0|36000|390000|-50000|0
0|42000|-68000|-91000|0
0|28000|55000|-2000|0
0|32000|549000|75000|0
0|37000|-38000|98000|0
0|30000|383000|-2000|0
1000|35000|250000|18000|1
1000|39000|402000|3000|1
0|41000|-95000|-23000|0
0|45000|332000|-40000|0
0|25000|83000|-10000|0
1000|44000|501000|58000|0
1000|31000|39000|61000|1
1000|33000|600000|76000|0
0|28000|252000|10000|0
1000|34000|208000|50000|1
1000|42000|458000|-74000|0
0|35000|459000|44000|0
0|42000|313000|-96000|0
0|43000|432000|-93000|0
1000|26000|407000|72000|1
1000|41000|103000|40000|1
1000|42000|346000|15000|1
0|40000|577000|32000|0
1000|41000|506000|-4000|0
1000|45000|37000|57000|0
1000|25000|497000|95000|0
1000|34000|203000|-26000|1
0|42000|377000|-72000|0
0|31000|-60000|91000|0
1000|37000|248000|-29000|1
0|45000|321000|-42000|0
0|25000|597000|-99000|0
0|36000|-10000|87000|0
0|38000|335000|-94000|0
1000|36000|534000|56000|0
1000|25000|535000|54000|0
0|35000|324000|53000|0
0|37000|331000|78000|0
1000|28000|4000|-98000|1
0|40000|150000|-13000|0
1000|32000|466000|-56000|0
1000|35000|386000|-57000|1
1000|36000|-24000|-86000|0
1000|34000|432000|43000|1
0|38000|311000|52000|0
0|43000|179000|-68000|0
0|34000|327000|-95000|0
1000|44000|473000|-79000|0
0|44000|160000|96000|0
0|32000|341000|77000|0
0|41000|132000|13000|0
1000|39000|109000|-60000|1
0|29000|75000|-43000|0
1000|34000|79000|-24000|1
1000|31000|190000|-54000|1
0|27000|568000|-8000|0
1000|39000|324000|-40000|1
1000|26000|512000|-81000|0
0|30000|275000|-17000|0
1000|39000|125000|-39000|1
1000|25000|527000|-9000|0
1000|44000|579000|89000|0
1000|34000|-33000|-1000|0
0|29000|-40000|-93000|0
1000|38000|18000|-47000|1
1000|27000|-46000|97000|0
1000|38000|82000|73000|1
0|34000|565000|-99000|0
0|35000|269000|50000|0
0|27000|398000|90000|0
1000|31000|521000|9000|0
0|30000|571000|5000|0
1000|36000|483000|-65000|0
0|36000|123000|3000|0
0|39000|599000|17000|0
1000|45000|596000|-25000|0
0|25000|222000|26000|0
0|35000|-76000|48000|0
0|35000|598000|64000|0
1000|44000|166000|-48000|0
1000|32000|331000|79000|1
1000|26000|433000|-53000|1
1000|40000|500000|51000|0
0|31000|-63000|87000|0
0|26000|435000|91000|0
0|26000|271000|44000|0
1000|30000|102000|94000|1
0|32000|182000|-66000|0
0|38000|454000|16000|0
0|28000|345000|-23000|0
0|42000|181000|-26000|0
0|25000|50000|67000|0
0|36000|573000|85000|0
1000|25000|59000|20000|1
1000|30000|408000|-3000|1
0|27000|75000|37000|0
0|37000|372000|74000|0
0|32000|591000|-17000|0
1000|43000|365000|-75000|0
0|45000|547000|84000|0
0|27000|44000|51000|0
1000|42000|61000|70000|1
1000|42000|-18000|42000|0
1000|37000|216000|75000|1
0|28000|594000|-49000|0
0|27000|231000|-47000|0
0|41000|343000|44000|0
1000|40000|380000|-61000|1
0|38000|515000|45000|0
1000|38000|313000|39000|1
1000|42000|220000|-94000|1
1000|41000|386000|77000|1
1000|38000|-95000|-2000|0
0|44000|153000|-63000|0
1000|45000|-7000|-63000|0
1000|41000|246000|75000|1
0|35000|476000|-53000|0
1000|34000|344000|5000|1
1000|29000|-38000|-94000|0
1000|41000|246000|-19000|1
1000|35000|80000|53000|1
0|29000|10000|37000|0
0|38000|364000|-2000|0
0|40000|356000|-28000|0
1000|45000|166000|-16000|0
0|40000|194000|62000|0
1000|37000|-32000|88000|0
1000|26000|115000|-87000|1
0|41000|385000|48000|0
1000|37000|219000|-60000|1
1000|41000|413000|38000|1
1000|31000|-48000|77000|0
0|30000|477000|-67000|0
1000|25000|161000|-75000|1
1000|45000|458000|73000|0
1000|39000|364000|-29000|1
0|32000|468000|40000|0
0|40000|118000|44000|0
0|43000|457000|-90000|0
1000|41000|388000|77000|1
1000|36000|580000|51000|0
1000|33000|293000|-11000|1
0|32000|-97000|-14000|0
0|38000|475000|33000|0
0|25000|219000|30000|0
0|28000|388000|57000|0
0|30000|511000|-41000|0
0|34000|420000|64000|0
0|34000|63000|-61000|0
0|43000|491000|-32000|0
1000|41000|28000|31000|1
0|25000|227000|-27000|0
0|32000|24000|-86000|0
1000|32000|48000|100000|1
1000|39000|70000|4000|1
1000|30000|395000|37000|1
1000|41000|-33000|91000|0
1000|29000|391000|-18000|1
0|30000|220000|-80000|0
1000|37000|140000|-57000|1
0|36000|103000|-29000|0
1000|42000|186000|-50000|1
1000|38000|274000|43000|1
1000|30000|551000|99000|0
1000|42000|525000|-91000|0
0|27000|-70000|26000|0
1000|25000|142000|-4000|1
0|33000|523000|8000|0
1000|36000|-32000|-8000|0
1000|26000|375000|-58000|1
1000|40000|593000|66000|0
0|25000|576000|-57000|0
1000|43000|-8000|62000|0
1000|25000|190000|96000|1
0|39000|240000|83000|0
0|37000|-64000|71000|0
0|29000|307000|61000|0
0|33000|195000|3000|0
0|43000|-18000|-72000|0
0|39000|138000|-37000|0
1000|39000|564000|4000|0
1000|34000|286000|97000|1
1000|40000|560000|-47000|0
0|28000|55000|-64000|0
0|43000|306000|-72000|0
1000|38000|164000|-44000|1
1000|37000|595000|81000|0
1000|41000|527000|-48000|0
1000|33000|23000|95000|1
0|26000|589000|21000|0
1000|31000|381000|-60000|1
1000|43000|29000|-9000|0
1000|44000|-6000|34000|0
1000|36000|-4000|-9000|0
1000|35000|295000|-74000|1
0|38000|500000|-11000|0
1000|34000|-7000|-7000|0
1000|38000|-96000|65000|0
0|26000|199000|59000|0
1000|35000|212000|-78000|1
1000|35000|270000|81000|1
1000|31000|37000|-75000|1
1000|33000|358000|-23000|1
1000|35000|234000|-88000|1
1000|40000|477000|12000|0
1000|26000|92000|49000|1
0|44000|1000|73000|0
1000|39000|121000|-22000|1
1000|33000|206000|-9000|1
0|32000|534000|-33000|0
0|44000|573000|-46000|0
0|41000|137000|-40000|0
1000|38000|300000|-9000|1
0|38000|555000|-61000|0
1000|35000|465000|9000|0
1000|35000|124000|41000|1
0|29000|87000|-55000|0
1000|33000|10000|97000|1
0|35000|137000|69000|0
1000|30000|273000|59000|1
1000|40000|242000|-41000|1
0|26000|143000|-55000|0
0|36000|-68000|-79000|0
1000|32000|470000|-77000|0
1000|39000|497000|-85000|0
0|30000|107000|26000|0
1000|29000|262000|62000|1
1000|27000|434000|60000|1
1000|38000|440000|4000|1
1000|27000|409000|-60000|1
1000|38000|354000|94000|1
0|33000|72000|-13000|0
0|45000|169000|52000|0
0|28000|549000|26000|0
1000|41000|566000|70000|0
0|38000|314000|95000|0
0|45000|377000|-16000|0
0|31000|459000|85000|0
1000|31000|153000|-40000|1
0|31000|414000|-56000|0
1000|42000|103000|20000|1
0|29000|28000|25000|0
0|36000|243000|-59000|0
0|41000|-29000|-89000|0
1000|37000|463000|1000|0
0|42000|-31000|74000|0
0|35000|-29000|-33000|0
1000|35000|300000|84000|1
0|36000|141000|92000|0
1000|42000|264000|-44000|1
1000|44000|430000|87000|0
1000|43000|425000|-23000|0
0|29000|442000|37000|0
1000|35000|473000|18000|0
0|40000|541000|59000|0
1000|35000|566000|65000|0
0|27000|458000|-67000|0
1000|36000|17000|17000|1
1000|33000|390000|-92000|1
1000|33000|401000|65000|1
1000|31000|207000|50000|1
0|39000|86000|-62000|0
1000|35000|248000|-28000|1
0|37000|134000|80000|0
1000|27000|535000|24000|0
0|43000|276000|54000|0
1000|43000|405000|-34000|0
0|39000|239000|-79000|0
1000|40000|564000|-72000|0
0|34000|-57000|-69000|0
1000|44000|-32000|95000|0
1000|33000|-69000|89000|0
1000|42000|499000|26000|0
0|34000|67000|27000|0
0|34000|-62000|-7000|0
0|33000|225000|47000|0
0|26000|-45000|43000|0
0|34000|223000|16000|0
1000|43000|438000|76000|0
0|44000|331000|-52000|0
0|28000|155000|79000|0
0|29000|88000|-18000|0
1000|33000|129000|99000|1
0|30000|48000|-30000|0
0|40000|139000|54000|0
1000|29000|240000|39000|1
0|27000|581000|-27000|0
0|29000|-83000|40000|0
0|39000|271000|6000|0
1000|26000|216000|-50000|1
1000|42000|395000|-37000|1
1000|29000|-76000|35000|0
0|41000|243000|72000|0
0|39000|99000|-95000|0
1000|38000|537000|-83000|0
1000|40000|505000|4000|0
1000|45000|474000|-40000|0
0|42000|-100000|3000|0
1000|36000|510000|36000|0
0|28000|234000|84000|0
1000|26000|254000|-80000|1
1000|26000|-94000|-1000|0
0|29000|381000|-15000|0
1000|26000|-34000|-76000|0
1000|31000|295000|85000|1
0|42000|397000|-11000|0
1000|33000|524000|6000|0
0|45000|88000|-45000|0
1000|35000|194000|98000|1
0|39000|409000|26000|0
1000|27000|355000|93000|1
0|38000|153000|-42000|0
1000|33000|478000|-56000|0
0|39000|500000|-46000|0
1000|44000|529000|58000|0
1000|25000|-17000|-50000|0
0|27000|418000|-48000|0
0|37000|184000|-89000|0
0|31000|557000|20000|0
0|29000|146000|-81000|0
0|30000|205000|72000|0
1000|36000|13000|-60000|1
1000|32000|177000|56000|1
0|34000|217000|88000|0
1000|41000|402000|6000|1
0|28000|299000|-51000|0
1000|40000|269000|-32000|1
0|45000|363000|-37000|0
1000|39000|398000|93000|1
0|43000|41000|33000|0
1000|26000|151000|-39000|1
0|37000|40000|-35000|0
0|32000|44000|-49000|0
0|28000|544000|71000|0
0|40000|-90000|55000|0
0|31000|381000|-68000|0
0|40000|418000|56000|0
1000|31000|87000|-8000|1
1000|28000|294000|-36000|1
1000|31000|-53000|38000|0
0|25000|403000|-60000|0
0|28000|-93000|-21000|0
1000|33000|-56000|31000|0
1000|38000|477000|48000|0
1000|42000|222000|61000|1
0|41000|344000|-39000|0
0|41000|119000|-33000|0
1000|35000|222000|55000|1
1000|36000|332000|-64000|1
1000|44000|7000|-86000|0
1000|33000|408000|-99000|1
0|34000|416000|100000|0
0|31000|494000|-78000|0
0|44000|565000|-18000|0
0|29000|141000|-55000|0
0|28000|365000|72000|0
1000|34000|302000|58000|1
1000|44000|124000|-83000|0
1000|25000|318000|-65000|1
1000|28000|293000|29000|1
0|43000|-99000|2000|0
1000|34000|-69000|-31000|0
1000|30000|398000|-40000|1
0|36000|389000|-51000|0
1000|27000|591000|12000|0
0|42000|-89000|32000|0
1000|43000|530000|59000|0
0|27000|-65000|49000|0
0|25000|229000|26000|0
0|43000|-9000|55000|0
1000|26000|574000|-95000|0
0|27000|-75000|-31000|0
1000|25000|290000|-9000|1
1000|28000|195000|-95000|1
1000|41000|214000|-12000|1
1000|26000|237000|-6000|1
1000|30000|-5000|-31000|0
1000|30000|-41000|-75000|0
0|41000|82000|-48000|0
1000|37000|436000|11000|1
1000|33000|153000|-45000|1
0|30000|429000|-76000|0
1000|25000|553000|4000|0
1000|30000|283000|79000|1
1000|34000|100000|-47000|1
0|30000|568000|61000|0
1000|27000|220000|-1000|1
1000|33000|-100000|13000|0
0|45000|19000|31000|0
1000|39000|251000|67000|1
1000|45000|365000|11000|0
0|42000|333000|22000|0
1000|42000|244000|-19000|1
1000|45000|469000|-35000|0
0|27000|526000|19000|0
0|30000|134000|-96000|0
1000|45000|168000|91000|0
1000|29000|260000|-35000|1
0|38000|224000|93000|0
0|27000|224000|-78000|0
0|33000|80000|-59000|0
1000|42000|388000|79000|1
0|43000|337000|-90000|0
1000|44000|58000|-30000|0
1000|33000|-30000|-38000|0
1000|26000|67000|57000|1
0|36000|328000|-95000|0
1000|35000|40000|-89000|1
0|31000|500000|5000|0
0|26000|-100000|-32000|0
1000|40000|185000|41000|1
0|44000|328000|-57000|0
1000|29000|86000|-96000|1
1000|45000|-47000|-10000|0
1000|42000|-53000|-50000|0
0|40000|599000|-85000|0
0|30000|321000|-35000|0
0|27000|302000|-46000|0
1000|44000|162000|99000|0
0|37000|19000|51000|0
0|41000|96000|9000|0
1000|42000|533000|34000|0
1000|33000|556000|-78000|0
1000|33000|92000|-90000|1
0|26000|409000|38000|0
0|39000|197000|78000|0
0|34000|-77000|-56000|0
1000|34000|533000|48000|0
0|39000|488000|53000|0
1000|25000|-69000|95000|0
1000|31000|572000|-66000|0
0|29000|232000|54000|0
0|38000|173000|76000|0
0|30000|457000|78000|0
0|38000|-3000|-83000|0
0|28000|599000|65000|0
0|25000|554000|75000|0
0|32000|372000|93000|0
0|27000|440000|-95000|0
0|43000|324000|-29000|0
1000|44000|144000|94000|0
0|36000|354000|-24000|0
0|32000|370000|-75000|0
0|36000|369000|-56000|0
0|28000|265000|57000|0
1000|39000|382000|61000|1
0|39000|468000|-95000|0
1000|32000|34000|-91000|1
0|43000|-85000|-99000|0
0|40000|543000|6000|0
1000|26000|411000|92000|1
0|40000|463000|15000|0
0|42000|467000|79000|0
0|35000|552000|-34000|0
1000|28000|144000|34000|1
1000|36000|19000|-88000|1
1000|43000|368000|60000|0
1000|38000|137000|-72000|1
0|33000|201000|90000|0
0|26000|515000|67000|0
1000|39000|505000|97000|0
0|34000|109000|-4000|0
1000|39000|230000|-53000|1
0|43000|109000|8000|0
0|37000|109000|9000|0
0|33000|563000|47000|0
1000|26000|-36000|-39000|0
0|41000|95000|11000|0
1000|43000|2000|-29000|0
0|39000|556000|94000|0
1000|26000|109000|39000|1
0|37000|155000|-28000|0
0|25000|222000|-47000|0
1000|29000|194000|-90000|1
1000|27000|282000|16000|1
1000|32000|42000|-49000|1
1000|25000|-34000|-32000|0
0|28000|524000|-25000|0
0|25000|81000|99000|0
1000|42000|154000|-41000|1
1000|36000|135000|27000|1
0|26000|418000|18000|0
1000|39000|596000|89000|0
0|26000|179000|31000|0
1000|37000|121000|-30000|1
1000|32000|7000|-11000|1
1000|41000|426000|-75000|1
0|27000|463000|-50000|0
1000|25000|96000|53000|1
0|27000|521000|91000|0
1000|30000|131000|37000|1
1000|40000|567000|14000|0
0|45000|362000|-41000|0
1000|43000|420000|-19000|0
0|36000|535000|-91000|0
0|30000|349000|65000|0
1000|27000|221000|-8000|1
1000|40000|226000|21000|1
0|41000|470000|-42000|0
0|44000|-47000|-7000|0
1000|35000|139000|-61000|1
0|25000|101000|-97000|0
0|29000|-85000|-73000|0
1000|30000|534000|-32000|0
0|29000|393000|-40000|0
0|31000|449000|-76000|0
1000|31000|435000|-60000|1
0|36000|95000|65000|0
1000|34000|100000|-64000|1
1000|32000|146000|-7000|1
1000|32000|30000|100000|1
1000|28000|436000|32000|1
0|44000|20000|-56000|0
0|39000|71000|-23000|0
1000|28000|483000|-63000|0
0|34000|498000|-12000|0
1000|45000|265000|27000|0
1000|32000|-96000|27000|0
0|41000|223000|7000|0
0|29000|-5000|-88000|0
0|32000|423000|69000|0
1000|40000|444000|64000|1
0|44000|458000|61000|0
0|42000|196000|-99000|0
0|34000|27000|-12000|0
0|45000|392000|-18000|0
1000|29000|579000|100000|0
1000|38000|573000|48000|0
1000|32000|190000|-93000|1
0|33000|240000|-27000|0
1000|43000|52000|48000|0
0|31000|407000|31000|0
1000|37000|188000|-66000|1
0|35000|102000|3000|0
1000|27000|229000|22000|1
1000|37000|246000|-20000|1
0|41000|147000|-94000|0
0|31000|179000|46000|0
1000|45000|271000|-91000|0
1000|30000|144000|62000|1
1000|39000|473000|35000|0
1000|26000|-94000|86000|0
0|26000|-38000|-11000|0
0|36000|136000|-14000|0
0|44000|222000|-75000|0
1000|43000|-2000|41000|0
0|26000|147000|77000|0
1000|30000|232000|-23000|1
1000|40000|232000|-26000|1
0|33000|503000|38000|0
0|36000|14000|-96000|0
0|37000|16000|-15000|0
0|29000|-93000|86000|0
0|44000|352000|23000|0
0|32000|-24000|89000|0
1000|27000|316000|63000|1
0|38000|12000|-46000|0
1000|31000|467000|-1000|0
1000|34000|132000|26000|1
0|30000|409000|-42000|0
0|27000|177000|23000|0
1000|30000|563000|-76000|0
1000|31000|-56000|66000|0
0|32000|372000|83000|0
0|40000|402000|-71000|0
1000|41000|294000|89000|1
1000|35000|463000|37000|0
0|36000|181000|-88000|0
1000|38000|331000|90000|1
0|45000|496000|-5000|0
0|36000|279000|-26000|0
1000|25000|100000|-75000|1
0|35000|366000|-3000|0
1000|32000|10000|62000|1
1000|31000|117000|76000|1
0|44000|84000|-67000|0
1000|40000|8000|27000|1
0|31000|356000|54000|0
0|25000|371000|23000|0
0|38000|541000|34000|0
1000|30000|204000|-36000|1
1000|35000|569000|1000|0
0|33000|217000|94000|0
1000|30000|370000|-28000|1
0|31000|524000|99000|0
1000|34000|130000|82000|1
0|38000|277000|-80000|0
1000|30000|176000|74000|1
1000|25000|119000|22000|1
1000|25000|72000|53000|1
0|26000|11000|-10000|0
0|28000|95000|4000|0
1000|35000|84000|-94000|1
0|25000|-65000|66000|0
0|30000|368000|43000|0
1000|39000|242000|-98000|1
0|39000|239000|-16000|0
0|38000|134000|14000|0
1000|35000|-86000|-87000|0
0|40000|197000|-69000|0
0|34000|451000|99000|0
0|37000|329000|-36000|0
0|34000|280000|23000|0
0|29000|537000|69000|0
0|37000|0|11000|0
0|37000|191000|-8000|0
0|28000|550000|0|0
0|32000|494000|-18000|0
1000|28000|18000|-66000|1
0|26000|418000|-51000|0
1000|33000|-8000|-21000|0
0|33000|254000|86000|0
1000|28000|198000|-40000|1
1000|31000|317000|43000|1
0|25000|206000|-8000|0
1000|33000|405000|76000|1
0|27000|507000|-3000|0
1000|36000|513000|62000|0
0|41000|22000|13000|0
1000|36000|137000|59000|1
0|39000|385000|-9000|0
1000|34000|68000|-62000|1
1000|43000|256000|-48000|0
1000|43000|200000|-77000|0
0|27000|166000|-67000|0
0|37000|91000|-5000|0
1000|41000|513000|35000|0
1000|32000|-14000|81000|0
1000|40000|295000|-36000|1
1000|32000|-70000|-80000|0
1000|34000|523000|7000|0
0|41000|197000|86000|0
0|27000|435000|92000|0
1000|36000|253000|-53000|1
1000|35000|224000|23000|1
0|39000|13000|26000|0
0|30000|434000|88000|0
0|37000|354000|31000|0
1000|25000|50000|-58000|1
0|26000|165000|-2000|0
1000|37000|11000|14000|1
0|43000|425000|-50000|0
1000|37000|362000|11000|1
1000|36000|-67000|-81000|0
0|33000|-74000|2000|0
0|32000|-50000|13000|0
0|33000|320000|0|0
1000|27000|472000|2000|0
0|32000|227000|-7000|0
0|42000|388000|-75000|0
1000|26000|160000|-64000|1
1000|45000|22000|-100000|0
1000|29000|570000|69000|0
1000|31000|187000|-46000|1
1000|36000|513000|-46000|0
1000|40000|-2000|39000|0
1000|30000|287000|-65000|1
1000|39000|281000|52000|1
1000|45000|44000|3000|0
1000|38000|75000|-64000|1
0|39000|-90000|-13000|0
0|45000|186000|81000|0
1000|37000|593000|26000|0
0|44000|92000|35000|0
1000|33000|242000|-1000|1
0|38000|343000|-6000|0
0|33000|328000|-50000|0
1000|35000|127000|-59000|1
0|43000|254000|45000|0
0|38000|74000|58000|0
1000|39000|570000|-3000|0
1000|30000|421000|73000|1
0|34000|78000|-43000|0
1000|39000|42000|54000|1
0|33000|320000|-86000|0
1000|38000|524000|-20000|0
0|27000|124000|45000|0
1000|31000|-92000|18000|0
1000|38000|40000|-31000|1
1000|43000|252000|55000|0
0|27000|213000|16000|0
0|33000|518000|-22000|0
1000|40000|565000|-85000|0
1000|28000|483000|-21000|0
0|29000|151000|-98000|0
0|34000|533000|52000|0
1000|33000|67000|71000|1
1000|27000|415000|21000|1
1000|43000|486000|-92000|0
0|28000|484000|95000|0
1000|25000|189000|23000|1
1000|40000|227000|-53000|1
1000|27000|191000|-33000|1
1000|26000|3000|-100000|1
0|32000|262000|-3000|0
1000|44000|136000|86000|0
0|27000|251000|79000|0
1000|38000|278000|63000|1
1000|33000|434000|-34000|1
1000|25000|-21000|-13000|0
0|44000|179000|-78000|0
0|38000|375000|-24000|0
0|27000|552000|-9000|0
0|30000|311000|-50000|0
0|27000|285000|47000|0
1000|28000|446000|40000|1
0|44000|462000|2000|0
1000|44000|487000|59000|0
0|41000|268000|-51000|0
0|45000|172000|-69000|0
0|26000|-60000|1000|0
1000|40000|354000|74000|1
1000|42000|-10000|29000|0
0|41000|64000|-4000|0
1000|43000|44000|5000|0
1000|38000|-30000|81000|0
1000|38000|526000|75000|0
1000|26000|487000|9000|0
1000|29000|205000|-78000|1
0|36000|251000|-68000|0
1000|39000|430000|-49000|1
1000|35000|245000|-30000|1
1000|43000|398000|-69000|0
1000|38000|63000|-96000|1
0|44000|204000|8000|0
0|33000|446000|52000|0
0|31000|177000|-86000|0
0|25000|497000|53000|0
1000|45000|-33000|29000|0
1000|27000|441000|62000|1
0|30000|413000|76000|0
0|43000|245000|-77000|0
1000|38000|423000|-71000|1
0|45000|137000|83000|0
0|32000|38000|-26000|0
0|40000|190000|-30000|0
1000|28000|506000|-24000|0
0|36000|-24000|92000|0
0|26000|112000|95000|0
0|43000|493000|64000|0
1000|42000|539000|-87000|0
1000|29000|536000|29000|0
1000|45000|72000|31000|0
0|25000|338000|-23000|0
1000|45000|577000|-44000|0
1000|27000|55000|45000|1
1000|40000|320000|-98000|1
0|32000|331000|67000|0
1000|30000|407000|94000|1
1000|35000|491000|-18000|0
0|36000|472000|-8000|0
0|38000|461000|-15000|0
0|45000|366000|96000|0
0|27000|449000|-36000|0
1000|37000|-6000|65000|0
1000|37000|-84000|-15000|0
1000|45000|8000|-37000|0
1000|30000|483000|-72000|0
0|45000|10000|46000|0
0|44000|371000|-81000|0
0|35000|463000|99000|0
1000|29000|205000|40000|1
1000|28000|442000|-60000|1
1000|40000|-45000|65000|0
0|41000|282000|13000|0
1000|26000|82000|-58000|1
0|34000|531000|-38000|0
1000|45000|515000|-83000|0
1000|29000|243000|79000|1
0|41000|-69000|-86000|0
0|44000|279000|-92000|0
1000|36000|458000|-39000|0
0|42000|83000|14000|0
0|32000|233000|-51000|0
0|33000|321000|-68000|0
1000|42000|346000|49000|1
1000|29000|-65000|74000|0
1000|45000|309000|20000|0
0|34000|153000|42000|0
0|45000|319000|-75000|0
0|28000|-43000|-41000|0
1000|33000|230000|54000|1
1000|40000|134000|-79000|1
0|27000|440000|-72000|0
0|37000|484000|99000|0
0|30000|575000|5000|0
1000|31000|401000|18000|1
0|37000|291000|84000|0
1000|30000|89000|-72000|1
0|40000|458000|-42000|0
1000|33000|536000|42000|0
0|34000|143000|0|0
1000|26000|369000|79000|1
1000|29000|-41000|-62000|0
1000|43000|526000|-57000|0
1000|30000|448000|9000|1
1000|25000|207000|20000|1
0|29000|384000|14000|0
0|27000|159000|-75000|0
1000|42000|268000|34000|1
0|27000|558000|-78000|0
1000|25000|256000|19000|1
1000|41000|-38000|48000|0
1000|28000|493000|-98000|0
0|45000|6000|-78000|0
0|33000|145000|84000|0
0|35000|193000|-69000|0
1000|29000|336000|10000|1
0|32000|-87000|100000|0
1000|39000|478000|-60000|0
0|39000|136000|94000|0
1000|29000|-27000|-34000|0
0|27000|427000|-16000|0
0|44000|156000|-90000|0
1000|44000|382000|73000|0
1000|41000|288000|-84000|1
0|25000|340000|1000|0
0|25000|462000|18000|0
0|41000|397000|90000|0
1000|41000|318000|28000|1
0|43000|511000|90000|0
1000|45000|106000|-62000|0
0|30000|485000|-10000|0
0|25000|333000|-21000|0
1000|38000|599000|-8000|0
1000|43000|66000|-73000|0
1000|33000|190000|-44000|1
1000|42000|538000|34000|0
0|30000|493000|-78000|0
1000|25000|190000|49000|1
1000|32000|-21000|-20000|0
0|41000|495000|83000|0
1000|25000|235000|-44000|1
0|27000|118000|-58000|0
0|29000|32000|-85000|0
0|32000|532000|-63000|0
1000|41000|92000|10000|1
0|43000|98000|-19000|0
1000|41000|-40000|-43000|0
1000|37000|214000|96000|1
1000|33000|223000|-59000|1
1000|39000|460000|8000|0
1000|42000|294000|13000|1
1000|28000|90000|46000|1
1000|29000|476000|-38000|0
1000|33000|58000|74000|1
1000|42000|-43000|61000|0
0|29000|458000|88000|0
1000|37000|300000|-35000|1
1000|40000|594000|-6000|0
0|38000|-9000|-86000|0
1000|30000|412000|-16000|1
0|36000|39000|41000|0
0|30000|54000|22000|0
0|28000|396000|1000|0
1000|26000|394000|-54000|1
0|41000|107000|56000|0
1000|34000|-90000|93000|0
1000|25000|35000|-57000|1
1000|38000|-3000|-16000|0
0|44000|551000|28000|0
0|27000|419000|-56000|0
1000|35000|308000|-35000|1
0|40000|189000|-54000|0
0|28000|264000|-98000|0
1000|41000|-56000|-56000|0
0|33000|516000|-15000|0
1000|34000|-72000|-55000|0
1000|39000|60000|68000|1
0|27000|133000|-59000|0
0|34000|322000|-28000|0
1000|27000|315000|24000|1
1000|28000|237000|-68000|1
0|40000|327000|-33000|0
1000|29000|202000|6000|1
0|42000|221000|95000|0
0|27000|179000|-63000|0
1000|41000|536000|71000|0
1000|33000|-59000|14000|0
0|36000|493000|-61000|0
1000|35000|154000|94000|1
0|34000|82000|8000|0
1000|28000|85000|-52000|1
0|28000|440000|37000|0
0|28000|402000|-5000|0
1000|32000|293000|20000|1
0|31000|106000|73000|0
0|25000|432000|73000|0
1000|43000|199000|49000|0
1000|44000|437000|-17000|0
1000|33000|396000|35000|1
1000|27000|577000|-39000|0
0|26000|47000|67000|0
0|27000|231000|-32000|0
1000|26000|70000|-45000|1
0|38000|195000|-23000|0
0|44000|27000|-45000|0
1000|25000|214000|93000|1
1000|32000|587000|6000|0
1000|42000|573000|82000|0
0|40000|315000|-47000|0
0|26000|134000|41000|0
0|30000|515000|6000|0
1000|34000|307000|2000|1
0|25000|380000|1000|0
0|45000|470000|-59000|0
1000|27000|4000|-42000|1
0|29000|112000|32000|0
1000|32000|324000|-45000|1
0|34000|-28000|66000|0
0|37000|222000|2000|0
1000|39000|461000|-56000|0
0|30000|160000|-73000|0
1000|30000|-47000|92000|0
0|36000|99000|-23000|0
1000|43000|245000|90000|0
0|33000|176000|-17000|0
0|45000|571000|90000|0
1000|26000|410000|77000|1
0|39000|457000|58000|0
0|34000|320000|46000|0
1000|31000|174000|71000|1
0|32000|292000|1000|0
0|43000|273000|-9000|0
0|27000|339000|87000|0
0|32000|115000|-41000|0
1000|41000|456000|100000|0
0|37000|370000|61000|0
1000|33000|550000|30000|0
1000|29000|482000|-90000|0
0|39000|-22000|10000|0
1000|40000|3000|25000|1
1000|29000|-78000|99000|0
0|45000|537000|4000|0
0|37000|373000|-89000|0
0|39000|418000|56000|0
0|30000|582000|-27000|0
0|33000|-24000|53000|0
0|35000|45000|-37000|0
0|32000|125000|-36000|0
0|35000|256000|90000|0
1000|27000|536000|-82000|0
0|39000|-14000|78000|0
1000|39000|340000|-62000|1
1000|40000|529000|-27000|0
0|45000|400000|47000|0
0|38000|166000|-24000|0
0|28000|168000|78000|0
0|38000|73000|2000|0
0|31000|346000|-30000|0
1000|44000|440000|100000|0
0|31000|-16000|-40000|0
1000|28000|517000|97000|0
1000|39000|-16000|58000|0
0|39000|16000|-67000|0
1000|35000|331000|-2000|1
1000|33000|-86000|28000|0
0|37000|145000|57000|0
1000|29000|237000|7000|1
1000|30000|144000|72000|1
0|25000|264000|39000|0
0|33000|119000|-98000|0
0|42000|582000|-2000|0
0|40000|223000|-30000|0
1000|29000|404000|-97000|1
0|39000|511000|-61000|0
0|43000|273000|79000|0
0|32000|536000|22000|0
1000|44000|-45000|-89000|0
0|33000|393000|-57000|0
1000|34000|61000|-96000|1
1000|39000|37000|34000|1
1000|37000|-15000|35000|0
0|40000|-6000|-83000|0
0|32000|206000|-61000|0
1000|45000|599000|-58000|0
1000|38000|-52000|-7000|0
1000|29000|-32000|86000|0
1000|37000|-15000|52000|0
1000|32000|444000|-87000|1
0|37000|245000|68000|0
1000|42000|-19000|-53000|0
0|32000|24000|-55000|0
1000|38000|426000|1000|1
0|31000|311000|-66000|0
1000|31000|42000|-5000|1
1000|28000|192000|94000|1
1000|30000|515000|-99000|0
0|26000|-80000|-56000|0
0|29000|465000|2000|0
0|43000|347000|-87000|0
0|27000|136000|70000|0
1000|36000|157000|39000|1
1000|36000|-43000|-26000|0
1000|44000|191000|43000|0
0|43000|452000|-84000|0
0|39000|349000|-7000|0
0|41000|181000|42000|0
1000|34000|546000|8000|0
0|37000|373000|-23000|0
1000|45000|552000|5000|0
1000|32000|281000|55000|1
0|35000|562000|53000|0
0|33000|-28000|-89000|0
1000|26000|302000|-99000|1
0|38000|510000|15000|0
0|41000|487000|-18000|0
1000|36000|20000|-28000|1
1000|36000|331000|-33000|1
0|45000|346000|-78000|0
1000|45000|59000|-46000|0
1000|27000|510000|2000|0
0|41000|362000|-9000|0
0|37000|538000|11000|0
1000|40000|252000|61000|1
0|34000|579000|86000|0
1000|42000|269000|-34000|1
0|34000|17000|-99000|0
0|39000|145000|56000|0
0|32000|160000|21000|0
0|41000|331000|99000|0
0|38000|484000|55000|0
1000|44000|-54000|74000|0
0|42000|421000|-76000|0
1000|42000|217000|89000|1
1000|44000|201000|23000|0
0|36000|247000|23000|0
0|41000|-63000|-23000|0
1000|30000|-55000|53000|0
0|28000|340000|38000|0
1000|27000|197000|-95000|1
0|42000|57000|-60000|0
1000|29000|16000|66000|1
0|45000|131000|-18000|0
1000|30000|204000|-62000|1
0|37000|-60000|3000|0
0|36000|208000|-95000|0
1000|25000|133000|29000|1
1000|42000|422000|-92000|1
1000|38000|272000|32000|1
1000|31000|424000|25000|1
1000|37000|284000|-3000|1
0|25000|289000|85000|0
0|34000|510000|83000|0
0|39000|562000|-55000|0
0|34000|298000|95000|0
1000|39000|353000|-28000|1
1000|31000|278000|15000|1
0|30000|-19000|66000|0
1000|30000|-90000|77000|0
1000|28000|528000|96000|0
1000|29000|597000|-7000|0
0|38000|306000|61000|0
0|43000|-80000|-36000|0
1000|44000|428000|-32000|0
1000|27000|-45000|-13000|0
0|25000|578000|-79000|0
1000|34000|188000|88000|1
1000|25000|530000|82000|0
1000|39000|470000|0|0
0|26000|-5000|-68000|0
0|42000|130000|65000|0
1000|32000|386000|-24000|1
0|28000|-77000|41000|0
0|41000|523000|-86000|0
1000|27000|518000|-62000|0
0|40000|266000|-43000|0
0|25000|316000|67000|0
1000|42000|293000|74000|1
0|39000|209000|-27000|0
0|33000|242000|26000|0
0|36000|389000|-12000|0
1000|45000|413000|-12000|0
0|27000|138000|95000|0
1000|35000|594000|-96000|0
1000|33000|148000|-98000|1
1000|41000|14000|-49000|1
0|35000|331000|54000|0
1000|39000|56000|4000|1
0|25000|-9000|92000|0
0|33000|399000|-82000|0
1000|41000|132000|23000|1
0|29000|456000|19000|0
1000|44000|208000|50000|0
0|28000|82000|-68000|0
0|25000|128000|-75000|0
0|35000|469000|41000|0
1000|42000|120000|22000|1
0|38000|267000|-55000|0
0|38000|220000|-22000|0
1000|42000|-93000|-25000|0
0|35000|417000|-15000|0
1000|39000|526000|10000|0
0|32000|7000|-73000|0
1000|29000|160000|19000|1
1000|25000|162000|-32000|1
1000|35000|527000|-76000|0
1000|35000|518000|-49000|0
0|32000|171000|-51000|0
0|33000|255000|41000|0
0|29000|33000|-5000|0
0|38000|277000|19000|0
0|35000|-64000|16000|0
0|30000|100000|41000|0
1000|33000|531000|-47000|0
1000|32000|445000|-17000|1
0|41000|454000|-93000|0
0|33000|365000|-92000|0
0|28000|553000|-23000|0
0|36000|359000|17000|0
0|28000|546000|88000|0
1000|28000|-23000|-16000|0
1000|33000|419000|-59000|1
0|28000|104000|-40000|0
1000|35000|565000|-22000|0
0|34000|531000|-33000|0
1000|44000|210000|17000|0
1000|26000|402000|79000|1
0|32000|144000|98000|0
1000|26000|13000|88000|1
0|41000|298000|30000|0
0|35000|33000|-63000|0
1000|30000|386000|-24000|1
1000|43000|572000|60000|0
1000|37000|520000|-90000|0
0|38000|443000|-74000|0
0|45000|17000|-10000|0
0|34000|82000|-92000|0
0|25000|120000|62000|0
1000|40000|107000|-29000|1
1000|44000|543000|-77000|0
0|37000|588000|81000|0
1000|28000|334000|-81000|1
1000|33000|-56000|13000|0
0|43000|368000|64000|0
0|35000|570000|14000|0
1000|30000|290000|-84000|1
1000|39000|-16000|92000|0
1000|38000|432000|-25000|1
0|42000|492000|45000|0
1000|38000|417000|-16000|1
1000|34000|257000|31000|1
0|39000|-23000|24000|0
1000|31000|521000|-17000|0
0|33000|-76000|54000|0
0|30000|-20000|100000|0
1000|35000|184000|29000|1
1000|43000|433000|-34000|0
0|32000|5000|-48000|0
0|30000|496000|-78000|0
0|27000|525000|39000|0
1000|40000|433000|-62000|1
0|31000|135000|-27000|0
1000|31000|392000|-42000|1
0|37000|450000|72000|0
0|33000|343000|-83000|0
1000|43000|48000|-16000|0
0|33000|130000|-85000|0
1000|32000|498000|-96000|0
1000|28000|578000|-84000|0
1000|31000|21000|-45000|1
0|26000|11000|-1000|0
0|26000|569000|73000|0
0|44000|440000|45000|0
0|40000|91000|-62000|0
1000|42000|524000|-73000|0
0|36000|124000|60000|0
1000|41000|406000|-36000|1
1000|45000|291000|87000|0
1000|29000|375000|-92000|1
1000|33000|166000|-9000|1
1000|31000|128000|99000|1
1000|41000|-53000|91000|0
0|25000|-22000|-7000|0
0|35000|-60000|-51000|0
1000|33000|596000|-44000|0
0|36000|450000|-16000|0
1000|28000|28000|-18000|1
1000|39000|148000|80000|1
1000|33000|269000|-83000|1
0|32000|201000|-41000|0
1000|43000|362000|62000|0
0|25000|552000|-58000|0
1000|32000|29000|-92000|1
0|29000|132000|-96000|0
0|37000|329000|-12000|0
0|43000|196000|12000|0
0|45000|-64000|-35000|0
1000|42000|121000|75000|1
0|45000|-33000|-29000|0
0|37000|285000|9000|0
0|29000|257000|31000|0
1000|25000|334000|18000|1
1000|26000|29000|30000|1
1000|43000|21000|-70000|0
0|32000|484000|97000|0
1000|40000|517000|28000|0
0|27000|-57000|-97000|0
1000|32000|505000|-22000|0
1000|38000|43000|-44000|1
1000|42000|526000|-100000|0
0|38000|144000|52000|0
0|28000|460000|20000|0
1000|29000|24000|33000|1
0|30000|455000|-61000|0
1000|45000|-96000|-43000|0
0|26000|140000|-47000|0
1000|26000|525000|-56000|0
0|33000|52000|-5000|0
0|33000|169000|30000|0
0|34000|93000|-94000|0
1000|40000|44000|72000|1
0|45000|281000|-2000|0
0|43000|509000|9000|0
1000|44000|72000|66000|0
0|42000|486000|42000|0
0|31000|-97000|24000|0
0|40000|207000|-2000|0
0|25000|220000|67000|0
0|25000|-95000|40000|0
0|44000|37000|-91000|0
1000|25000|-36000|30000|0
0|37000|566000|90000|0
0|45000|7000|73000|0
0|45000|141000|80000|0
1000|39000|304000|84000|1
0|39000|467000|8000|0
1000|30000|301000|-7000|1
1000|32000|198000|-9000|1
0|40000|-36000|-44000|0
0|40000|518000|47000|0
1000|43000|304000|23000|0
1000|40000|-80000|-36000|0
1000|30000|-97000|95000|0
0|27000|391000|-60000|0
1000|39000|424000|92000|1
0|43000|592000|-37000|0
0|44000|487000|42000|0
1000|41000|200000|49000|1
1000|31000|546000|-13000|0
0|35000|4000|-77000|0
1000|40000|304000|93000|1
1000|27000|165000|-23000|1
1000|35000|598000|-41000|0
0|33000|-71000|-62000|0
0|31000|308000|0|0
1000|33000|273000|-44000|1
1000|44000|435000|98000|0
1000|31000|63000|-28000|1
1000|28000|180000|-96000|1
0|40000|531000|23000|0
0|26000|-31000|-63000|0
1000|38000|356000|-75000|1
1000|36000|220000|-93000|1
0|40000|7000|-66000|0
0|32000|597000|90000|0
0|30000|57000|13000|0
1000|25000|127000|69000|1
1000|27000|498000|-2000|0
0|44000|108000|24000|0
1000|33000|561000|-89000|0
0|40000|-99000|90000|0
0|26000|479000|22000|0
0|44000|0|-50000|0
1000|43000|400000|-4000|0
0|42000|-73000|-27000|0
0|33000|39000|34000|0
0|37000|515000|57000|0
0|32000|306000|7000|0
0|25000|-98000|17000|0
0|32000|345000|-43000|0
1000|41000|-87000|14000|0
1000|40000|45000|54000|1
1000|40000|319000|-82000|1
1000|31000|38000|66000|1
0|43000|310000|29000|0
1000|38000|261000|61000|1
1000|40000|438000|66000|1
0|44000|427000|-17000|0
1000|31000|-5000|-90000|0
1000|25000|21000|-81000|1
0|25000|290000|-88000|0
0|45000|370000|-61000|0
0|45000|40000|86000|0
0|37000|-37000|29000|0
0|41000|441000|18000|0
0|42000|404000|47000|0
1000|31000|121000|-66000|1
0|36000|-66000|61000|0
0|45000|250000|-92000|0
0|40000|533000|-100000|0
1000|31000|421000|22000|1
0|26000|295000|96000|0
1000|31000|374000|-94000|1
1000|26000|190000|-59000|1
1000|41000|351000|-93000|1
0|27000|107000|79000|0
1000|30000|25000|80000|1
0|43000|509000|-29000|0
0|28000|456000|-86000|0
1000|38000|464000|26000|0
1000|33000|514000|94000|0
1000|36000|32000|62000|1
1000|42000|-17000|84000|0
1000|37000|350000|-8000|1
0|31000|554000|99000|0
1000|44000|510000|-12000|0
1000|32000|-67000|80000|0
1000|29000|156000|13000|1
1000|38000|-5000|76000|0
1000|44000|207000|-61000|0
0|32000|337000|-64000|0
0|30000|82000|-96000|0
1000|27000|-74000|-59000|0
0|33000|321000|-33000|0
0|42000|205000|-20000|0
0|36000|270000|-47000|0
0|44000|185000|49000|0
1000|34000|407000|-23000|1
1000|29000|468000|86000|0
0|36000|591000|49000|0
1000|38000|97000|82000|1
0|41000|197000|-3000|0
0|33000|-79000|-19000|0
0|38000|592000|-100000|0
1000|25000|49000|98000|1
0|45000|278000|97000|0
0|25000|-14000|-70000|0
0|31000|575000|-22000|0
0|27000|439000|-21000|0
1000|39000|64000|-22000|1
1000|30000|482000|-29000|0
1000|35000|-96000|27000|0
1000|37000|575000|36000|0
1000|28000|521000|44000|0
0|33000|79000|-99000|0
0|26000|303000|-66000|0
1000|29000|-59000|-16000|0
1000|38000|524000|46000|0
0|29000|355000|-18000|0
0|25000|-96000|49000|0
1000|39000|-28000|20000|0
0|34000|276000|-29000|0
0|44000|-8000|-17000|0
0|35000|280000|-78000|0
0|25000|253000|-3000|0
0|28000|45000|16000|0
1000|45000|236000|-98000|0
0|26000|420000|-32000|0
0|38000|537000|-79000|0
1000|31000|12000|43000|1
1000|38000|311000|-41000|1
1000|27000|190000|-69000|1
1000|36000|-14000|86000|0
1000|39000|269000|4000|1
0|40000|515000|-91000|0
1000|44000|223000|71000|0
0|31000|43000|7000|0
0|41000|313000|30000|0
1000|43000|-13000|-21000|0
1000|33000|498000|53000|0
0|29000|206000|-98000|0
1000|37000|544000|97000|0
1000|33000|-31000|33000|0
1000|40000|72000|35000|1
0|39000|-80000|71000|0
1000|38000|214000|-64000|1
1000|29000|343000|-28000|1
0|30000|541000|66000|0
1000|38000|360000|100000|1
1000|37000|-94000|-6000|0
0|40000|-11000|85000|0
1000|27000|-4000|-59000|0
0|40000|-93000|67000|0
0|25000|472000|-93000|0
1000|44000|73000|11000|0
0|26000|82000|-89000|0
0|33000|239000|97000|0
0|33000|45000|24000|0
1000|45000|326000|22000|0
0|39000|252000|-16000|0
0|41000|352000|-89000|0
1000|44000|128000|-9000|0
1000|40000|523000|-51000|0
0|29000|415000|-69000|0
1000|33000|23000|47000|1
0|39000|470000|-42000|0
0|45000|193000|82000|0
0|41000|315000|94000|0
0|30000|115000|-23000|0
0|34000|465000|-38000|0
0|33000|195000|2000|0
1000|41000|235000|-39000|1
0|33000|574000|32000|0
1000|33000|412000|-42000|1
1000|36000|7000|83000|1
1000|39000|93000|11000|1
1000|27000|-67000|-13000|0
1000|34000|267000|87000|1
0|36000|-100000|51000|0
0|41000|155000|89000|0
0|34000|254000|-48000|0
1000|37000|167000|-9000|1
0|43000|556000|34000|0
1000|36000|331000|-69000|1
0|32000|-96000|22000|0
1000|33000|313000|-53000|1
0|40000|533000|5000|0
0|28000|585000|-58000|0
1000|44000|31000|35000|0
1000|44000|499000|-49000|0
1000|28000|441000|-52000|1
0|30000|371000|63000|0
1000|41000|98000|75000|1
1000|37000|265000|80000|1
0|29000|560000|85000|0
0|30000|285000|82000|0
0|44000|268000|-39000|0
0|39000|516000|-77000|0
1000|29000|388000|86000|1
0|32000|446000|80000|0
0|29000|324000|72000|0
0|28000|291000|-41000|0
1000|40000|281000|75000|1
0|36000|144000|-60000|0
1000|35000|353000|82000|1
1000|36000|177000|32000|1
0|45000|192000|59000|0
1000|34000|-48000|33000|0
1000|25000|449000|47000|1
1000|34000|184000|-61000|1
0|25000|253000|-53000|0
0|43000|254000|96000|0
1000|38000|131000|51000|1
1000|40000|583000|-13000|0
1000|45000|162000|-37000|0
1000|37000|284000|-87000|1
1000|42000|565000|100000|0
0|45000|408000|-20000|0
0|32000|380000|47000|0
1000|30000|88000|-91000|1
0|28000|418000|-3000|0
0|34000|212000|31000|0
1000|26000|-27000|-76000|0
1000|44000|330000|-39000|0
1000|40000|155000|-41000|1
1000|41000|452000|-78000|0
0|28000|172000|16000|0
1000|38000|92000|-78000|1
0|40000|572000|-86000|0
1000|25000|266000|15000|1
0|29000|371000|73000|0
1000|43000|540000|68000|0
0|44000|228000|-40000|0
0|32000|348000|-87000|0
0|45000|147000|95000|0
1000|28000|224000|-32000|1
1000|41000|402000|95000|1
0|43000|379000|-53000|0
1000|34000|142000|-99000|1
0|27000|130000|11000|0
0|45000|-13000|66000|0
1000|34000|249000|77000|1
0|28000|376000|42000|0
0|43000|-47000|2000|0
1000|37000|250000|19000|1
0|35000|7000|91000|0
0|37000|510000|-61000|0
0|34000|552000|29000|0
1000|41000|234000|26000|1
0|45000|232000|-58000|0
0|34000|86000|-96000|0
1000|38000|-96000|-97000|0
1000|36000|312000|-82000|1
1000|44000|557000|-40000|0
0|38000|487000|-40000|0
0|45000|164000|-48000|0
0|31000|-31000|84000|0
1000|42000|515000|-79000|0
1000|35000|572000|-57000|0
1000|33000|299000|-5000|1
0|35000|132000|20000|0
1000|43000|-14000|24000|0
0|42000|512000|-73000|0
0|33000|-85000|-5000|0
1000|26000|-28000|76000|0
0|34000|250000|49000|0
0|40000|157000|27000|0
1000|27000|506000|-33000|0
0|43000|167000|29000|0
1000|25000|577000|-44000|0
1000|33000|-62000|3000|0
0|38000|137000|41000|0
0|37000|-26000|-57000|0
0|33000|110000|56000|0
0|34000|383000|-52000|0
0|43000|438000|15000|0
1000|40000|162000|83000|1
1000|26000|452000|-22000|0
1000|41000|536000|39000|0
1000|28000|278000|-61000|1
0|40000|203000|97000|0
0|39000|290000|-37000|0
0|40000|124000|-77000|0
1000|28000|-94000|-71000|0
0|30000|25000|-53000|0
0|38000|275000|-72000|0
0|36000|141000|-72000|0
1000|44000|476000|94000|0
1000|30000|22000|-63000|1
0|28000|165000|-92000|0
1000|41000|587000|5000|0
1000|41000|533000|-84000|0
0|38000|54000|-98000|0
1000|29000|-68000|80000|0
0|31000|-27000|-94000|0
0|30000|212000|84000|0
1000|26000|330000|-79000|1
0|29000|0|20000|0
1000|26000|508000|32000|0
1000|38000|167000|38000|1
0|39000|492000|37000|0
0|31000|347000|-86000|0
0|30000|575000|-18000|0
0|40000|294000|52000|0
0|31000|173000|-16000|0
1000|32000|555000|-20000|0
0|27000|344000|-53000|0
0|25000|531000|68000|0
1000|29000|579000|81000|0
0|33000|142000|-82000|0
0|28000|-19000|95000|0
0|37000|137000|-89000|0
1000|37000|478000|-65000|0
1000|32000|3000|-91000|1
0|42000|170000|17000|0
1000|45000|29000|55000|0
1000|25000|354000|81000|1
0|32000|173000|93000|0
1000|41000|525000|-52000|0
1000|28000|353000|10000|1
0|27000|186000|69000|0
0|42000|330000|-28000|0
1000|42000|-25000|61000|0
1000|25000|347000|-41000|1
1000|37000|469000|65000|0
1000|33000|103000|-63000|1
0|38000|307000|41000|0
1000|32000|324000|80000|1
0|37000|-85000|11000|0
0|26000|119000|79000|0
0|38000|521000|71000|0
0|34000|115000|-14000|0
1000|44000|115000|-80000|0
1000|44000|340000|5000|0
1000|36000|491000|99000|0
1000|26000|496000|-86000|0
0|38000|254000|1000|0
0|40000|175000|56000|0
1000|26000|577000|-3000|0
0|41000|152000|-12000|0
1000|45000|275000|-16000|0
1000|31000|177000|-46000|1
0|34000|578000|-39000|0
1000|25000|171000|-24000|1
1000|34000|456000|-4000|0
0|29000|584000|20000|0
1000|31000|-55000|50000|0
1000|42000|300000|-99000|1
1000|25000|-50000|80000|0
1000|32000|344000|-61000|1
0|25000|190000|-14000|0
1000|37000|-70000|58000|0
1000|45000|303000|21000|0
1000|35000|372000|-29000|1
1000|31000|-47000|-24000|0
1000|26000|103000|-73000|1
0|41000|541000|-94000|0
0|37000|-22000|-18000|0
0|34000|146000|28000|0
1000|25000|486000|-99000|0
0|44000|426000|-99000|0
1000|37000|94000|50000|1
1000|37000|394000|63000|1
1000|42000|191000|-76000|1
0|28000|273000|-50000|0
0|39000|345000|53000|0
0|30000|132000|77000|0
0|33000|141000|-100000|0
1000|36000|120000|59000|1
1000|40000|200000|-15000|1
0|41000|123000|15000|0
1000|37000|422000|-44000|1
0|43000|-28000|91000|0
0|42000|-67000|47000|0
0|45000|431000|36000|0
0|38000|112000|60000|0
1000|44000|411000|60000|0
1000|45000|515000|-77000|0
0|42000|-67000|-23000|0
0|43000|334000|-82000|0
0|43000|135000|49000|0
0|32000|172000|92000|0
1000|40000|409000|50000|1
0|35000|599000|-28000|0
1000|35000|459000|-97000|0
1000|37000|381000|67000|1
0|26000|463000|-21000|0
0|39000|462000|-92000|0
0|40000|223000|38000|0
1000|33000|100000|-15000|1
0|35000|-83000|28000|0
1000|32000|82000|89000|1
1000|45000|-50000|97000|0
1000|40000|425000|14000|1
0|36000|483000|1000|0
1000|42000|562000|55000|0
1000|42000|209000|10000|1
0|28000|327000|6000|0
1000|32000|299000|53000|1
0|30000|121000|-94000|0
1000|41000|-31000|36000|0
1000|32000|375000|-38000|1
1000|27000|387000|39000|1
0|38000|197000|95000|0
1000|30000|502000|24000|0
0|35000|451000|64000|0
1000|36000|75000|41000|1
0|35000|263000|3000|0
1000|41000|237000|-78000|1
1000|41000|-11000|82000|0
1000|25000|290000|83000|1
1000|39000|-96000|-32000|0
0|40000|324000|-18000|0
0|33000|142000|29000|0
1000|32000|-5000|21000|0
0|36000|-22000|57000|0
1000|44000|505000|58000|0
1000|44000|341000|97000|0
1000|28000|334000|-67000|1
1000|40000|-73000|-13000|0
0|27000|163000|49000|0
0|40000|541000|95000|0
1000|39000|214000|18000|1
0|37000|107000|90000|0
0|32000|343000|-22000|0
1000|38000|91000|-99000|1
0|27000|121000|-95000|0
0|40000|318000|28000|0
1000|40000|394000|27000|1
0|27000|579000|45000|0
0|31000|-70000|-26000|0
1000|28000|-91000|13000|0
0|40000|535000|-96000|0
1000|28000|-24000|-53000|0
1000|31000|320000|-84000|1
0|39000|304000|10000|0
1000|35000|95000|16000|1
0|36000|175000|88000|0
1000|44000|510000|-74000|0
1000|45000|494000|-5000|0
0|31000|582000|-35000|0
1000|27000|303000|-79000|1
1000|37000|313000|-60000|1
1000|28000|451000|-34000|0
0|45000|368000|95000|0
1000|27000|-44000|77000|0
0|32000|452000|-39000|0
1000|35000|-5000|-14000|0
0|28000|382000|86000|0
1000|38000|-64000|69000|0
1000|43000|401000|-62000|0
1000|26000|579000|21000|0
0|39000|-14000|-21000|0
0|39000|187000|-26000|0
1000|33000|368000|21000|1
0|31000|-56000|-87000|0
0|31000|-49000|69000|0
0|44000|488000|17000|0
0|25000|285000|-11000|0
0|27000|32000|6000|0
0|28000|293000|-66000|0
1000|25000|243000|-11000|1
1000|30000|59000|76000|1
1000|33000|83000|72000|1
0|27000|179000|-79000|0
0|27000|-93000|-50000|0
0|44000|215000|43000|0
1000|28000|420000|40000|1
0|39000|170000|-8000|0
0|40000|174000|-96000|0
0|30000|43000|-1000|0
0|35000|-74000|-88000|0
0|26000|247000|79000|0
1000|39000|166000|-25000|1
1000|42000|76000|4000|1
1000|28000|185000|4000|1
0|29000|563000|-80000|0
1000|28000|114000|-16000|1
0|43000|455000|36000|0
1000|38000|-39000|71000|0
0|28000|583000|-35000|0
0|27000|519000|46000|0
0|26000|-83000|93000|0
1000|36000|55000|85000|1
0|41000|-51000|31000|0
0|38000|499000|42000|0
1000|38000|-36000|89000|0
0|32000|150000|42000|0
0|38000|-22000|-91000|0
1000|42000|350000|5000|1
0|41000|285000|-34000|0
0|44000|-97000|5000|0
1000|25000|597000|-1000|0
1000|32000|194000|72000|1
0|36000|99000|-59000|0
0|31000|330000|55000|0
0|32000|17000|-3000|0
0|27000|371000|-9000|0
0|31000|329000|-54000|0
0|35000|-95000|82000|0
0|32000|265000|-3000|0
0|27000|-87000|66000|0
1000|45000|372000|-61000|0
0|29000|288000|3000|0
1000|42000|354000|-72000|1
0|45000|597000|17000|0
0|31000|141000|-11000|0
0|44000|166000|-10000|0
1000|35000|48000|-3000|1
1000|41000|-89000|82000|0
1000|42000|497000|98000|0
1000|27000|340000|-10000|1
1000|45000|587000|99000|0
0|26000|90000|-21000|0
1000|31000|573000|-97000|0
1000|30000|51000|-82000|1
0|39000|141000|-79000|0
0|29000|147000|77000|0
0|40000|404000|25000|0
0|39000|-62000|-17000|0
1000|34000|340000|-57000|1
1000|25000|-25000|-19000|0
1000|36000|549000|2000|0
1000|32000|254000|-19000|1
1000|43000|434000|99000|0
1000|45000|66000|-16000|0
1000|29000|111000|-68000|1
1000|42000|467000|-74000|0
1000|42000|407000|-48000|1
1000|26000|574000|33000|0
1000|30000|490000|-79000|0
1000|36000|-46000|16000|0
0|30000|-30000|-71000|0
0|40000|312000|-84000|0
0|41000|162000|-66000|0
1000|26000|123000|48000|1
1000|25000|111000|9000|1
0|29000|174000|84000|0
1000|43000|64000|69000|0
0|35000|364000|-26000|0
1000|27000|579000|-83000|0
0|44000|332000|14000|0
1000|25000|368000|57000|1
1000|33000|163000|96000|1
0|42000|24000|-18000|0
0|42000|99000|85000|0
0|30000|172000|-59000|0
0|37000|98000|91000|0
0|29000|201000|54000|0
1000|26000|584000|29000|0
1000|27000|261000|3000|1
0|30000|135000|-90000|0
0|32000|250000|14000|0
0|32000|586000|-26000|0
1000|40000|572000|37000|0
1000|41000|377000|-2000|1
0|36000|134000|-22000|0
0|29000|173000|-63000|0
0|43000|207000|35000|0
1000|31000|445000|25000|1
1000|44000|519000|-66000|0
0|30000|43000|12000|0
0|32000|274000|-75000|0
0|39000|430000|-81000|0
1000|41000|303000|3000|1
0|32000|434000|-96000|0
1000|25000|-80000|79000|0
1000|39000|269000|-42000|1
1000|42000|492000|-86000|0
1000|29000|577000|36000|0
0|45000|430000|25000|0
1000|33000|223000|11000|1
0|41000|159000|56000|0
1000|32000|154000|78000|1
1000|36000|-80000|73000|0
1000|32000|519000|-78000|0
1000|31000|414000|-52000|1
0|45000|510000|85000|0
0|38000|451000|83000|0
1000|30000|7000|-39000|1
0|40000|-33000|92000|0
0|42000|216000|-93000|0
1000|43000|-8000|6000|0
1000|34000|468000|-90000|0
1000|36000|332000|22000|1
1000|31000|259000|-79000|1
1000|42000|2000|33000|1
1000|36000|291000|57000|1
0|27000|173000|30000|0
0|33000|16000|83000|0
1000|41000|192000|-47000|1
0|27000|-1000|-57000|0
0|36000|170000|7000|0
1000|30000|19000|-41000|1
0|44000|390000|-69000|0
1000|38000|150000|-34000|1
1000|35000|511000|-29000|0
1000|25000|71000|-71000|1
1000|30000|415000|0|1
0|30000|500000|7000|0
0|42000|42000|-64000|0
0|33000|71000|83000|0
1000|42000|306000|-16000|1
0|39000|539000|55000|0
0|26000|79000|34000|0
1000|45000|447000|-70000|0
1000|33000|89000|84000|1
0|28000|270000|-23000|0
0|43000|481000|64000|0
1000|28000|593000|76000|0
1000|33000|572000|2000|0
0|27000|16000|-54000|0
1000|38000|569000|-17000|0
0|39000|424000|56000|0
1000|44000|249000|-80000|0
1000|38000|-68000|-67000|0
0|26000|210000|59000|0
0|30000|270000|52000|0
0|28000|306000|-61000|0
0|39000|365000|70000|0
1000|38000|221000|43000|1
1000|44000|287000|-37000|0
1000|37000|247000|15000|1
1000|34000|305000|78000|1
0|32000|251000|75000|0
0|30000|209000|-22000|0
1000|36000|11000|72000|1
0|28000|-97000|48000|0
1000|36000|366000|-47000|1
1000|32000|-80000|-19000|0
1000|35000|330000|41000|1
0|45000|463000|-2000|0
0|33000|273000|-62000|0
0|32000|166000|1000|0
0|41000|202000|-1000|0
1000|41000|85000|-97000|1
1000|25000|304000|36000|1
0|30000|76000|-61000|0
0|39000|49000|91000|0
1000|39000|161000|-31000|1
0|41000|166000|-2000|0
1000|27000|542000|96000|0
0|29000|178000|94000|0
1000|25000|-87000|-3000|0
0|44000|476000|69000|0
1000|34000|96000|-37000|1
1000|39000|-90000|53000|0
1000|36000|148000|-1000|1
1000|42000|582000|-33000|0
1000|42000|460000|17000|0
1000|33000|489000|-72000|0
1000|43000|349000|-20000|0
1000|32000|435000|-57000|1
0|33000|490000|8000|0
1000|30000|71000|-45000|1
0|25000|280000|72000|0
0|45000|481000|12000|0
0|27000|31000|25000|0
0|45000|76000|48000|0
1000|25000|3000|50000|1
1000|33000|577000|65000|0
0|28000|147000|25000|0
1000|42000|470000|0|0
0|31000|-55000|-58000|0
1000|33000|75000|-28000|1
1000|35000|439000|-81000|1
1000|32000|295000|46000|1
0|37000|500000|74000|0
0|28000|38000|-70000|0
0|33000|390000|68000|0
0|36000|434000|-73000|0
0|27000|306000|2000|0
0|39000|127000|-88000|0
0|41000|545000|-57000|0
0|35000|414000|-31000|0
0|38000|-95000|42000|0
0|27000|528000|-83000|0
0|39000|234000|62000|0
1000|28000|342000|-41000|1
0|40000|358000|-96000|0
1000|34000|3000|77000|1
1000|30000|61000|83000|1
0|34000|6000|5000|0
0|35000|274000|-42000|0
0|45000|-8000|-81000|0
0|44000|365000|15000|0
1000|41000|154000|-73000|1
1000|41000|577000|-4000|0
1000|42000|-70000|-77000|0
1000|37000|281000|-62000|1
0|33000|388000|-78000|0
1000|26000|455000|-5000|0
0|42000|562000|54000|0
1000|37000|143000|26000|1
1000|45000|370000|-75000|0
1000|34000|23000|52000|1
1000|45000|26000|-8000|0
0|25000|71000|93000|0
0|28000|18000|-35000|0
0|39000|286000|80000|0
1000|40000|454000|-26000|0
1000|41000|-64000|-37000|0
0|35000|341000|20000|0
1000|33000|568000|1000|0
1000|26000|-85000|83000|0
1000|33000|600000|5000|0
0|31000|-90000|-100000|0
0|45000|446000|-64000|0
1000|43000|330000|-34000|0
0|36000|261000|39000|0
1000|31000|249000|50000|1
0|34000|600000|-4000|0
1000|31000|525000|-19000|0
1000|37000|-22000|31000|0
1000|36000|296000|82000|1
1000|29000|196000|-76000|1
0|41000|330000|-90000|0
0|38000|553000|29000|0
1000|37000|145000|4000|1
0|45000|56000|20000|0
0|37000|485000|1000|0
1000|35000|431000|-76000|1
0|28000|588000|-24000|0
1000|40000|270000|-67000|1
0|36000|194000|-26000|0
0|45000|125000|-7000|0
1000|39000|541000|70000|0
0|28000|340000|96000|0
1000|29000|443000|66000|1
0|35000|36000|-50000|0
0|41000|323000|-96000|0
0|29000|141000|-34000|0
1000|27000|56000|-59000|1
1000|42000|348000|81000|1
1000|35000|35000|-62000|1
0|33000|332000|45000|0
1000|35000|311000|-99000|1
0|25000|455000|-62000|0
0|42000|227000|54000|0
0|34000|93000|43000|0
0|35000|403000|-22000|0
1000|39000|21000|65000|1
0|45000|136000|-96000|0
1000|25000|242000|-66000|1
0|39000|268000|61000|0
0|30000|-35000|-2000|0
0|42000|77000|-90000|0
1000|44000|281000|55000|0
1000|35000|-45000|-30000|0
0|33000|572000|49000|0
0|39000|360000|-56000|0
0|35000|133000|38000|0
1000|39000|115000|-66000|1
0|28000|177000|-64000|0
0|40000|211000|45000|0
1000|33000|80000|-58000|1
0|44000|151000|58000|0
0|41000|-38000|-52000|0
1000|41000|555000|-53000|0
1000|44000|44000|-95000|0
1000|25000|210000|35000|1
1000|33000|271000|93000|1
0|39000|468000|-3000|0
1000|36000|378000|15000|1
0|44000|-94000|-21000|0
1000|41000|28000|-7000|1
1000|39000|506000|99000|0
1000|32000|340000|68000|1
0|25000|-10000|-22000|0
1000|45000|82000|13000|0
1000|32000|567000|-63000|0
0|41000|167000|-28000|0
0|28000|463000|-72000|0
0|42000|391000|-29000|0
1000|29000|410000|-22000|1
1000|37000|248000|28000|1
1000|29000|171000|78000|1
0|31000|109000|66000|0
1000|25000|-7000|-2000|0
0|30000|389000|88000|0
1000|28000|-81000|-63000|0
0|33000|43000|30000|0
1000|39000|119000|33000|1
1000|27000|494000|-65000|0
1000|31000|564000|-5000|0
0|36000|249000|-82000|0
1000|28000|540000|-65000|0
0|33000|200000|-99000|0
0|38000|274000|30000|0
0|45000|35000|92000|0
0|35000|211000|-53000|0
0|39000|88000|20000|0
0|40000|228000|41000|0
0|27000|469000|-9000|0
1000|44000|528000|-27000|0
0|31000|96000|-75000|0
0|40000|56000|-1000|0
1000|27000|61000|6000|1
0|39000|249000|39000|0
0|26000|11000|3000|0
0|38000|329000|-65000|0
1000|35000|158000|72000|1
1000|38000|264000|-46000|1
1000|42000|560000|-8000|0
0|39000|439000|-22000|0
0|44000|177000|-46000|0
0|31000|261000|94000|0
0|38000|381000|43000|0
0|38000|591000|-30000|0
0|37000|427000|-9000|0
0|40000|-83000|86000|0
1000|30000|595000|-73000|0
0|36000|591000|84000|0
1000|44000|130000|60000|0
1000|31000|516000|-82000|0
0|26000|2000|78000|0
1000|34000|-57000|-29000|0
1000|37000|28000|-97000|1
0|34000|66000|-87000|0
1000|32000|354000|-87000|1
0|36000|129000|-38000|0
1000|41000|507000|-71000|0
0|44000|504000|-50000|0
1000|25000|195000|12000|1
1000|35000|280000|44000|1
0|25000|42000|-45000|0
0|30000|-22000|45000|0
0|29000|436000|60000|0
1000|37000|88000|20000|1
1000|38000|239000|-10000|1
0|37000|492000|-79000|0
0|32000|395000|-83000|0
1000|37000|187000|32000|1
0|37000|166000|69000|0
0|32000|404000|-27000|0
0|41000|-15000|95000|0
1000|28000|251000|-49000|1
1000|36000|181000|-83000|1
1000|26000|287000|4000|1
0|45000|21000|77000|0
0|36000|479000|-23000|0
0|27000|290000|-36000|0
1000|38000|12000|-20000|1
1000|35000|180000|40000|1
1000|38000|400000|9000|1
0|42000|328000|83000|0
0|36000|66000|-92000|0
1000|40000|576000|38000|0
0|36000|22000|-77000|0
0|41000|565000|-52000|0
0|28000|56000|-57000|0
1000|25000|235000|10000|1
1000|31000|296000|74000|1
0|25000|274000|-50000|0
0|32000|74000|47000|0
0|28000|430000|-11000|0
1000|43000|-74000|-36000|0
0|42000|160000|-96000|0
1000|45000|191000|88000|0
1000|36000|449000|-81000|1
0|40000|-46000|33000|0
1000|36000|431000|-93000|1
1000|40000|478000|22000|0
0|31000|593000|-38000|0
1000|29000|359000|-59000|1
0|36000|328000|62000|0
0|25000|-50000|-50000|0
1000|45000|516000|-84000|0
0|26000|293000|-89000|0
1000|28000|540000|-41000|0
0|30000|16000|-72000|0
0|41000|547000|-69000|0
0|30000|414000|14000|0
0|41000|108000|95000|0
0|45000|389000|2000|0
0|31000|-28000|-92000|0
1000|44000|382000|-24000|0
1000|26000|191000|-25000|1
0|35000|338000|-49000|0
1000|37000|248000|13000|1
1000|37000|310000|49000|1
0|27000|354000|-79000|0
0|28000|515000|-8000|0
1000|41000|235000|-90000|1
0|42000|548000|12000|0
0|40000|-85000|89000|0
1000|40000|48000|-40000|1
1000|26000|295000|-9000|1
1000|32000|481000|-56000|0
0|36000|-84000|-3000|0
0|31000|104000|-86000|0
0|37000|577000|-76000|0
1000|45000|116000|50000|0
0|29000|171000|10000|0
1000|28000|126000|12000|1
0|45000|162000|41000|0
0|27000|373000|75000|0
1000|26000|361000|-30000|1
1000|33000|217000|78000|1
1000|45000|122000|64000|0
1000|30000|506000|-32000|0
1000|29000|587000|48000|0
1000|36000|469000|16000|0
1000|30000|116000|-42000|1
1000|42000|557000|-60000|0
1000|35000|597000|-15000|0
1000|35000|-44000|66000|0
0|32000|316000|76000|0
1000|31000|278000|-48000|1
1000|37000|239000|-98000|1
1000|36000|-41000|82000|0
0|27000|106000|63000|0
1000|41000|316000|85000|1
0|41000|453000|-89000|0
1000|38000|148000|44000|1
1000|28000|599000|-68000|0
1000|32000|416000|69000|1
1000|28000|111000|-7000|1
1000|34000|17000|0|1
0|33000|488000|-45000|0
1000|39000|-39000|61000|0
0|45000|536000|45000|0
1000|26000|566000|-24000|0
1000|35000|423000|-74000|1
1000|26000|188000|-50000|1
1000|45000|470000|-34000|0
1000|40000|-9000|43000|0
0|31000|564000|16000|0
1000|29000|315000|78000|1
0|27000|155000|12000|0
0|33000|235000|-38000|0
1000|36000|-39000|-95000|0
1000|41000|321000|-3000|1
1000|36000|165000|55000|1
0|32000|-79000|58000|0
1000|25000|144000|-20000|1
0|27000|399000|-59000|0
0|40000|217000|-81000|0
0|34000|213000|-6000|0
0|26000|12000|59000|0
1000|33000|586000|2000|0
0|38000|211000|27000|0
1000|33000|-20000|-9000|0
0|33000|192000|83000|0
0|33000|141000|92000|0
1000|36000|303000|81000|1
1000|25000|281000|10000|1
0|38000|464000|-81000|0
0|33000|512000|36000|0
0|27000|217000|18000|0
0|44000|402000|-81000|0
1000|41000|83000|-54000|1
1000|27000|-62000|41000|0
0|36000|-7000|-96000|0
1000|25000|394000|-43000|1
1000|42000|577000|33000|0
1000|33000|225000|34000|1
0|39000|549000|-30000|0
1000|26000|136000|80000|1
0|34000|-84000|-9000|0
0|39000|162000|96000|0
0|43000|365000|-80000|0
1000|37000|441000|-2000|1
0|35000|315000|32000|0
0|35000|256000|14000|0
1000|38000|522000|46000|0
1000|36000|198000|-25000|1
1000|41000|291000|79000|1
1000|44000|223000|75000|0
1000|44000|-18000|-85000|0
1000|31000|428000|74000|1
0|45000|154000|-21000|0
0|35000|29000|27000|0
1000|41000|271000|59000|1
1000|41000|428000|84000|1
1000|40000|564000|-39000|0
1000|31000|564000|41000|0
1000|39000|84000|-8000|1
0|29000|254000|-4000|0
1000|28000|340000|97000|1
0|25000|232000|-2000|0
1000|44000|335000|-2000|0
1000|26000|231000|87000|1
1000|42000|521000|67000|0
0|25000|58000|35000|0
0|45000|367000|89000|0
1000|31000|224000|-67000|1
1000|25000|40000|70000|1
1000|39000|48000|86000|1
1000|37000|297000|-38000|1
0|28000|403000|49000|0
0|33000|215000|66000|0
1000|34000|-97000|23000|0
1000|42000|249000|-10000|1
0|28000|135000|-83000|0
0|26000|121000|-56000|0
0|39000|-68000|-15000|0
0|40000|498000|97000|0
0|38000|99000|-49000|0
1000|28000|-39000|51000|0
0|38000|294000|44000|0
0|45000|584000|-40000|0
1000|45000|301000|-12000|0
1000|43000|-20000|-89000|0
1000|37000|528000|37000|0
1000|33000|245000|2000|1
1000|28000|-43000|37000|0
1000|36000|348000|-31000|1
1000|30000|409000|32000|1
0|33000|482000|16000|0
0|26000|202000|17000|0
1000|25000|482000|-17000|0
1000|41000|527000|80000|0
1000|36000|250000|-18000|1
0|28000|499000|-41000|0
1000|30000|-52000|-80000|0
1000|37000|440000|44000|1
1000|41000|378000|-92000|1
1000|39000|380000|-75000|1
0|33000|338000|-77000|0
0|32000|420000|63000|0
1000|26000|315000|40000|1
0|32000|85000|-43000|0
0|30000|-92000|-55000|0
0|31000|83000|58000|0
1000|33000|192000|-4000|1
0|29000|254000|-20000|0
1000|29000|280000|67000|1
0|25000|414000|-88000|0
0|44000|22000|85000|0
1000|34000|-68000|51000|0
1000|40000|-29000|62000|0
0|37000|26000|-76000|0
0|29000|53000|57000|0
0|45000|530000|-18000|0
0|27000|201000|-70000|0
1000|44000|184000|29000|0
0|44000|568000|33000|0
1000|42000|215000|-64000|1
1000|36000|179000|55000|1
0|43000|512000|-20000|0
1000|39000|30000|57000|1
0|29000|-82000|-53000|0
1000|29000|-37000|39000|0
1000|29000|-80000|-47000|0
0|26000|125000|38000|0
1000|25000|123000|17000|1
0|27000|479000|74000|0
1000|42000|497000|-90000|0
0|39000|171000|94000|0
1000|39000|352000|-30000|1
0|28000|469000|-90000|0
0|45000|316000|45000|0
0|41000|355000|90000|0
1000|37000|313000|55000|1
0|41000|545000|-43000|0
1000|41000|28000|-33000|1
0|36000|265000|-65000|0
1000|32000|223000|19000|1
0|34000|-52000|-37000|0
1000|36000|-42000|97000|0
1000|39000|-64000|-67000|0
0|35000|419000|-30000|0
0|40000|203000|60000|0
0|32000|-63000|8000|0
0|35000|362000|-1000|0
0|38000|574000|100000|0
1000|36000|517000|99000|0
0|34000|553000|-45000|0
1000|38000|524000|-25000|0
1000|28000|328000|-43000|1
0|29000|519000|-48000|0
1000|25000|189000|31000|1
0|42000|-3000|-62000|0
0|40000|352000|44000|0
0|29000|-38000|-92000|0
1000|34000|305000|-24000|1
0|34000|73000|28000|0
1000|28000|190000|-77000|1
1000|33000|472000|15000|0
1000|29000|69000|-79000|1
0|36000|66000|42000|0
1000|26000|385000|52000|1
0|37000|498000|-92000|0
1000|33000|92000|46000|1
1000|31000|127000|-45000|1
0|27000|421000|-81000|0
1000|27000|192000|-15000|1
1000|42000|303000|-73000|1
0|30000|273000|-95000|0
0|29000|242000|43000|0
1000|32000|-48000|-96000|0
1000|45000|8000|-18000|0
1000|42000|289000|77000|1
0|43000|212000|-43000|0
1000|34000|258000|-91000|1
0|27000|494000|-10000|0
0|30000|-3000|94000|0
1000|32000|457000|-5000|0
1000|45000|-83000|60000|0
1000|27000|104000|86000|1
0|34000|51000|-42000|0
0|38000|24000|-92000|0
1000|27000|-44000|-87000|0
0|31000|234000|55000|0
0|28000|64000|-3000|0
1000|32000|-48000|-72000|0
0|45000|548000|10000|0
1000|26000|353000|-94000|1
0|26000|594000|1000|0
0|29000|389000|-66000|0
0|36000|431000|-96000|0
1000|27000|-9000|52000|0
0|44000|41000|-30000|0
1000|33000|287000|9000|1
1000|34000|584000|-76000|0
1000|40000|424000|-77000|1
0|28000|410000|-75000|0
0|31000|59000|-63000|0
1000|32000|359000|-20000|1
1000|36000|596000|42000|0
0|34000|376000|-40000|0
1000|30000|316000|14000|1
0|32000|518000|-44000|0
1000|28000|-71000|-63000|0
1000|45000|174000|-84000|0
1000|27000|586000|-44000|0
1000|32000|310000|12000|1
1000|28000|-24000|-23000|0
0|25000|131000|32000|0
1000|26000|-72000|72000|0
0|35000|289000|63000|0
0|30000|533000|-67000|0
1000|44000|343000|-99000|0
0|31000|183000|80000|0
1000|44000|448000|94000|0
1000|40000|380000|56000|1
1000|33000|274000|78000|1
1000|29000|286000|9000|1
1000|37000|123000|-71000|1
0|44000|170000|-70000|0
1000|32000|511000|-72000|0
0|27000|114000|-60000|0
1000|36000|396000|-17000|1
1000|27000|-14000|-96000|0
0|36000|489000|-31000|0
1000|44000|435000|0|0
1000|43000|357000|-40000|0
1000|43000|182000|53000|0
0|26000|583000|-36000|0
1000|43000|68000|-28000|0
1000|42000|406000|36000|1
1000|42000|19000|29000|1
1000|36000|580000|77000|0
0|41000|452000|51000|0
0|35000|179000|76000|0
1000|35000|286000|-14000|1
0|38000|-64000|78000|0
1000|40000|507000|-67000|0
1000|38000|557000|-85000|0
1000|32000|-60000|78000|0
0|33000|96000|-25000|0
1000|34000|422000|96000|1
1000|33000|469000|-44000|0
0|32000|204000|29000|0
1000|31000|441000|42000|1
0|33000|565000|-10000|0
1000|35000|424000|65000|1
0|32000|241000|-56000|0
0|41000|201000|-95000|0
0|39000|421000|49000|0
0|34000|-30000|16000|0
0|27000|513000|-22000|0
0|42000|89000|-94000|0
0|25000|398000|97000|0
0|36000|108000|-27000|0
1000|39000|592000|-59000|0
0|32000|549000|25000|0
0|27000|516000|-94000|0
0|37000|-21000|19000|0
1000|38000|382000|-79000|1
0|27000|512000|35000|0
0|40000|108000|-9000|0
1000|34000|222000|8000|1
1000|44000|407000|76000|0
1000|28000|445000|74000|1
0|30000|263000|-97000|0
0|26000|262000|-2000|0
1000|44000|360000|85000|0
1000|43000|232000|-54000|0
0|25000|243000|66000|0
0|43000|210000|7000|0
0|36000|349000|59000|0
1000|37000|336000|-42000|1
1000|33000|502000|-76000|0
0|42000|-70000|92000|0
1000|35000|32000|83000|1
1000|25000|-15000|-73000|0
1000|38000|173000|66000|1
0|41000|251000|-52000|0
1000|33000|325000|76000|1
0|45000|535000|78000|0
1000|43000|553000|84000|0
0|40000|186000|79000|0
1000|34000|307000|-56000|1
1000|37000|61000|74000|1
0|39000|213000|15000|0
1000|34000|548000|19000|0
1000|31000|76000|79000|1
1000|30000|125000|60000|1
1000|45000|40000|-9000|0
0|34000|374000|15000|0
1000|31000|381000|-85000|1
0|32000|156000|-51000|0
1000|33000|497000|-71000|0
1000|28000|75000|-77000|1
0|34000|404000|-21000|0
1000|38000|-19000|27000|0
1000|34000|195000|100000|1
0|31000|329000|-100000|0
0|33000|540000|-68000|0
0|34000|235000|7000|0
0|43000|45000|-83000|0
1000|39000|20000|-34000|1
0|32000|356000|81000|0
1000|35000|177000|-90000|1
0|38000|553000|-78000|0
0|30000|110000|-81000|0
1000|42000|342000|-49000|1
1000|41000|511000|35000|0
1000|31000|469000|-46000|0
1000|35000|494000|-88000|0
1000|34000|264000|-53000|1
0|35000|193000|-20000|0
0|25000|499000|47000|0
1000|30000|438000|32000|1
0|44000|378000|-39000|0
1000|26000|128000|-4000|1
0|39000|117000|-79000|0
1000|30000|9000|-34000|1
0|26000|356000|-30000|0
1000|45000|333000|-39000|0
0|31000|372000|58000|0
0|41000|489000|-5000|0
1000|34000|319000|-86000|1
0|37000|221000|-54000|0
0|42000|574000|-9000|0
1000|38000|-70000|-82000|0
1000|30000|-11000|-19000|0
0|45000|-29000|-38000|0
1000|27000|380000|10000|1
1000|32000|451000|-6000|0
0|25000|449000|-79000|0
1000|44000|113000|6000|0
1000|25000|422000|96000|1
0|30000|-10000|-74000|0
0|26000|-40000|-48000|0
1000|41000|301000|-95000|1
0|26000|203000|-88000|0
0|35000|460000|-24000|0
0|29000|153000|-33000|0
1000|35000|465000|52000|0
0|31000|313000|15000|0
1000|42000|164000|-37000|1
1000|39000|522000|56000|0
1000|30000|522000|10000|0
0|40000|556000|81000|0
0|35000|45000|-1000|0
1000|37000|-56000|63000|0
1000|27000|206000|-64000|1
0|43000|-77000|-20000|0
1000|27000|535000|17000|0
1000|41000|-77000|-43000|0
1000|40000|584000|-13000|0
1000|43000|113000|-88000|0
1000|34000|481000|80000|0
0|41000|493000|95000|0
0|33000|187000|-62000|0
1000|40000|22000|35000|1
1000|32000|203000|-66000|1
1000|39000|-4000|-95000|0
1000|27000|491000|-56000|0
0|40000|380000|21000|0
1000|33000|430000|94000|1
0|35000|151000|-35000|0
1000|36000|498000|12000|0
0|26000|288000|4000|0
1000|38000|355000|71000|1
0|31000|216000|19000|0
1000|27000|145000|-53000|1
0|26000|232000|30000|0
1000|28000|231000|59000|1
1000|44000|-34000|-13000|0
0|44000|189000|48000|0
0|34000|585000|22000|0
0|30000|238000|16000|0
1000|28000|593000|-81000|0
1000|25000|-6000|-42000|0
1000|29000|467000|-82000|0
0|37000|554000|-55000|0
1000|27000|-88000|52000|0
0|39000|80000|50000|0
1000|45000|-69000|-41000|0
0|42000|-46000|52000|0
0|29000|432000|-74000|0
0|42000|453000|-12000|0
0|38000|591000|-76000|0
1000|31000|349000|90000|1
1000|26000|490000|-96000|0
1000|39000|576000|-35000|0
1000|37000|325000|-100000|1
1000|40000|-4000|2000|0
0|30000|35000|37000|0
0|41000|497000|-83000|0
1000|39000|224000|-56000|1
1000|31000|67000|3000|1
1000|40000|-36000|18000|0
1000|42000|292000|-21000|1
1000|27000|68000|-15000|1
1000|32000|405000|-92000|1
1000|35000|225000|90000|1
1000|40000|-71000|-87000|0
1000|39000|404000|-25000|1
0|40000|21000|87000|0
1000|43000|-5000|-71000|0
1000|33000|406000|-20000|1
1000|28000|53000|-16000|1
0|29000|126000|-44000|0
1000|27000|130000|-93000|1
0|30000|391000|23000|0
1000|35000|445000|-29000|1
1000|30000|-6000|59000|0
0|41000|424000|56000|0
1000|27000|435000|68000|1
0|29000|73000|-41000|0
0|39000|373000|35000|0
1000|33000|400000|-54000|1
0|42000|59000|7000|0
1000|27000|589000|42000|0
1000|42000|196000|-77000|1
1000|29000|-2000|100000|0
0|28000|-81000|-73000|0
1000|32000|26000|-20000|1
0|33000|431000|30000|0
0|42000|388000|-80000|0
1000|26000|407000|-24000|1
1000|28000|-64000|-26000|0
0|28000|-2000|59000|0
0|39000|305000|43000|0
1000|41000|-33000|-1000|0
0|33000|270000|46000|0
0|34000|-82000|2000|0
1000|37000|241000|75000|1
1000|42000|329000|-46000|1
0|30000|179000|7000|0
1000|30000|257000|-80000|1
0|35000|182000|-9000|0
0|40000|125000|13000|0
0|36000|338000|59000|0
1000|38000|-99000|73000|0
0|26000|322000|81000|0
0|36000|-13000|15000|0
1000|30000|-26000|-38000|0
0|33000|381000|-38000|0
0|38000|569000|10000|0
0|33000|570000|-66000|0
0|34000|87000|-18000|0
1000|28000|443000|-49000|1
0|27000|432000|81000|0
0|36000|319000|54000|0
0|44000|480000|40000|0
0|33000|485000|-30000|0
0|41000|521000|-50000|0
0|38000|175000|-24000|0
0|35000|17000|-69000|0
0|35000|130000|48000|0
0|33000|562000|83000|0
1000|45000|417000|29000|0
1000|25000|293000|34000|1
0|44000|56000|93000|0
1000|29000|16000|-70000|1
0|40000|175000|-88000|0
0|39000|405000|42000|0
0|37000|0|-46000|0
0|35000|-86000|5000|0
1000|30000|183000|34000|1
0|34000|338000|86000|0
0|28000|265000|-99000|0
0|27000|398000|98000|0
1000|34000|-49000|-38000|0
0|37000|264000|-81000|0
1000|34000|60000|-15000|1
1000|28000|-16000|12000|0
0|43000|505000|76000|0
1000|27000|114000|84000|1
1000|41000|589000|10000|0
1000|38000|196000|25000|1
1000|29000|251000|41000|1
0|38000|363000|23000|0
1000|27000|581000|-88000|0
1000|39000|-70000|30000|0
0|39000|8000|-7000|0
0|30000|521000|2000|0
1000|39000|377000|-23000|1
1000|28000|429000|-80000|1
0|38000|227000|-25000|0
1000|32000|23000|-32000|1
0|41000|571000|-7000|0
0|34000|578000|-78000|0
0|40000|175000|-33000|0
1000|26000|137000|-15000|1
1000|28000|187000|30000|1
0|28000|460000|-36000|0
0|28000|-92000|-6000|0
1000|30000|367000|-96000|1
1000|42000|107000|-48000|1
1000|29000|-1000|-3000|0
0|44000|100000|26000|0
0|27000|405000|-31000|0
1000|26000|301000|68000|1
0|31000|421000|85000|0
0|41000|-60000|-83000|0
1000|44000|299000|-53000|0
1000|32000|67000|38000|1
0|31000|57000|37000|0
1000|41000|79000|45000|1
1000|44000|329000|-88000|0
1000|27000|-72000|47000|0
1000|28000|425000|91000|1
1000|43000|552000|61000|0
1000|35000|-15000|-19000|0
1000|35000|486000|96000|0
1000|35000|-86000|20000|0
1000|34000|130000|4000|1
1000|27000|343000|30000|1
1000|45000|443000|95000|0
0|25000|340000|92000|0
1000|34000|-68000|-61000|0
0|44000|577000|-10000|0
1000|25000|309000|23000|1
1000|37000|64000|-73000|1
1000|26000|124000|-87000|1
0|30000|-96000|-28000|0
0|28000|554000|84000|0
1000|35000|530000|-8000|0
1000|34000|232000|-26000|1
0|35000|-39000|-27000|0
1000|40000|286000|41000|1
0|43000|-88000|-16000|0
1000|25000|16000|84000|1
1000|43000|502000|59000|0
0|29000|517000|76000|0
1000|36000|562000|-38000|0
1000|34000|422000|63000|1
0|35000|-17000|-88000|0
1000|35000|-55000|-58000|0
0|39000|563000|-93000|0
0|25000|334000|74000|0
1000|33000|444000|-17000|1
1000|40000|222000|37000|1
1000|34000|143000|32000|1
1000|29000|536000|11000|0
1000|38000|-68000|22000|0
1000|33000|372000|-85000|1
1000|44000|146000|14000|0
1000|38000|294000|84000|1
1000|27000|348000|71000|1
1000|30000|179000|31000|1
1000|41000|206000|-50000|1
0|33000|213000|-64000|0
1000|30000|450000|88000|0
0|34000|434000|61000|0
1000|38000|-60000|65000|0
1000|32000|549000|-8000|0
0|42000|81000|8000|0
1000|35000|58000|-75000|1
0|45000|291000|-14000|0
0|44000|-63000|91000|0
0|38000|553000|-29000|0
0|43000|549000|-54000|0
1000|35000|359000|95000|1
1000|34000|-68000|92000|0
0|39000|-11000|69000|0
0|35000|184000|59000|0
0|41000|491000|77000|0
0|39000|17000|5000|0
0|35000|-54000|28000|0
1000|34000|-2000|-92000|0
1000|28000|288000|-35000|1
1000|42000|-15000|59000|0
0|40000|-60000|37000|0
1000|44000|490000|99000|0
1000|38000|290000|-70000|1
1000|33000|511000|-23000|0
1000|28000|455000|79000|0
1000|27000|425000|60000|1
1000|28000|376000|37000|1
0|30000|236000|7000|0
1000|37000|560000|-5000|0
0|45000|514000|-15000|0
1000|42000|543000|-87000|0
1000|41000|321000|-16000|1
0|26000|465000|-75000|0
0|36000|370000|-33000|0
0|31000|2000|77000|0
0|37000|185000|64000|0
0|33000|-70000|-97000|0
1000|37000|598000|-33000|0
1000|43000|381000|91000|0
0|40000|73000|13000|0
1000|45000|372000|73000|0
0|41000|72000|-82000|0
0|42000|-81000|-36000|0
1000|34000|93000|-82000|1
1000|27000|-67000|-5000|0
1000|35000|221000|81000|1
1000|29000|267000|-50000|1
0|40000|428000|-79000|0
0|35000|227000|-92000|0
1000|34000|205000|45000|1
1000|36000|-20000|-52000|0
0|44000|465000|98000|0
1000|35000|-44000|69000|0
1000|36000|365000|-86000|1
1000|30000|82000|31000|1
0|43000|574000|-5000|0
1000|30000|319000|6000|1
1000|40000|150000|28000|1
0|32000|202000|-48000|0
1000|35000|452000|-34000|0
0|40000|494000|69000|0
0|32000|472000|-34000|0
0|29000|366000|61000|0
1000|36000|467000|-68000|0
1000|36000|171000|69000|1
0|40000|264000|54000|0
0|25000|431000|-99000|0
0|40000|3000|50000|0
1000|43000|338000|75000|0
0|34000|471000|-9000|0
1000|40000|65000|82000|1
1000|44000|488000|57000|0
1000|38000|401000|-1000|1
1000|34000|213000|35000|1
0|35000|110000|48000|0
0|36000|237000|-49000|0
1000|35000|117000|-30000|1
1000|37000|-23000|100000|0
0|40000|-12000|29000|0
1000|41000|20000|38000|1
1000|25000|59000|77000|1
0|43000|338000|-25000|0
0|42000|98000|-50000|0
0|34000|521000|-97000|0
1000|31000|282000|49000|1
1000|25000|427000|54000|1
1000|45000|72000|48000|0
1000|32000|55000|36000|1
1000|29000|259000|9000|1
1000|26000|267000|-27000|1
1000|31000|177000|22000|1
0|42000|404000|39000|0
1000|44000|541000|62000|0
1000|25000|324000|1000|1
0|31000|39000|69000|0
1000|36000|132000|57000|1
1000|34000|244000|51000|1
1000|25000|556000|13000|0
1000|34000|279000|-22000|1
0|38000|540000|52000|0
0|39000|527000|39000|0
1000|42000|406000|81000|1
1000|34000|138000|-41000|1
1000|28000|600000|-16000|0
0|44000|538000|27000|0
1000|30000|162000|-72000|1
1000|29000|-94000|24000|0
1000|32000|139000|4000|1
0|28000|510000|5000|0
1000|31000|160000|-42000|1
1000|37000|285000|-83000|1
0|34000|-24000|0|0
1000|25000|459000|22000|0
0|26000|74000|86000|0
0|36000|309000|41000|0
0|25000|538000|-31000|0
0|32000|193000|-8000|0
1000|28000|27000|-21000|1
1000|25000|-77000|-90000|0
0|38000|332000|61000|0
1000|37000|-36000|-94000|0
0|34000|32000|43000|0
0|40000|109000|82000|0
1000|41000|62000|99000|1
0|36000|370000|-6000|0
1000|42000|54000|-100000|1
1000|33000|142000|81000|1
0|30000|173000|-64000|0
1000|44000|-63000|44000|0
1000|39000|313000|44000|1
0|26000|460000|41000|0
1000|34000|345000|-59000|1
0|31000|276000|21000|0
0|27000|175000|-40000|0
1000|25000|185000|72000|1
1000|38000|209000|-45000|1
1000|28000|411000|-43000|1
0|43000|-55000|25000|0
1000|45000|24000|-22000|0
0|32000|278000|11000|0
0|34000|450000|33000|0
1000|35000|199000|-77000|1
1000|32000|489000|-27000|0
1000|28000|428000|-4000|1
0|27000|23000|-61000|0
0|33000|416000|-8000|0
0|42000|-84000|27000|0
1000|30000|511000|-29000|0
1000|27000|341000|-34000|1
0|27000|160000|20000|0
0|35000|-35000|-33000|0
0|28000|96000|-62000|0
0|33000|-2000|43000|0
0|30000|383000|-79000|0
0|33000|404000|72000|0
0|45000|296000|64000|0
0|27000|228000|-39000|0
0|40000|11000|59000|0
1000|33000|452000|45000|0
0|39000|251000|-21000|0
0|45000|353000|-59000|0
1000|45000|37000|21000|0
0|44000|191000|78000|0
0|28000|340000|-22000|0
1000|28000|113000|-50000|1
0|37000|240000|-72000|0
0|37000|157000|-64000|0
1000|33000|497000|-61000|0
0|43000|-77000|42000|0
1000|37000|131000|-37000|1
1000|29000|396000|-67000|1
0|30000|507000|-55000|0
1000|31000|102000|42000|1
1000|38000|282000|-94000|1
1000|34000|210000|-76000|1
0|34000|101000|44000|0
0|41000|430000|100000|0
1000|34000|220000|-27000|1
0|34000|76000|34000|0
1000|34000|233000|-70000|1
1000|32000|-89000|-8000|0
1000|33000|196000|2000|1
0|34000|332000|-35000|0
1000|31000|337000|-79000|1
0|33000|73000|-93000|0
0|37000|248000|78000|0
1000|38000|353000|68000|1
0|26000|484000|-21000|0
1000|33000|476000|-57000|0
1000|36000|448000|46000|1
0|36000|529000|-20000|0
0|38000|213000|74000|0
1000|28000|123000|-56000|1
1000|36000|-60000|24000|0
0|25000|234000|-53000|0
0|28000|89000|-18000|0
1000|38000|184000|-4000|1
1000|25000|11000|59000|1
1000|32000|160000|21000|1
1000|40000|133000|40000|1
1000|33000|176000|8000|1
0|34000|591000|-23000|0
0|28000|135000|-74000|0
1000|38000|493000|78000|0
0|45000|145000|-7000|0
1000|25000|-63000|39000|0
1000|25000|96000|-22000|1
0|31000|-1000|45000|0
0|30000|457000|-67000|0
1000|43000|-34000|45000|0
0|38000|169000|27000|0
0|25000|213000|-14000|0
0|27000|-77000|-55000|0
0|40000|565000|-12000|0
0|26000|578000|40000|0
0|38000|-79000|-92000|0
0|29000|413000|-45000|0
0|31000|559000|-27000|0
0|38000|-24000|91000|0
1000|27000|188000|48000|1
1000|41000|346000|-16000|1
0|34000|309000|-32000|0
1000|32000|-85000|-74000|0
1000|32000|-63000|-19000|0
0|28000|238000|-73000|0
0|35000|477000|-86000|0
1000|29000|153000|27000|1
0|31000|43000|63000|0
0|42000|392000|70000|0
1000|39000|8000|36000|1
1000|43000|241000|84000|0
0|30000|586000|-73000|0
0|30000|591000|-2000|0
0|40000|108000|23000|0
1000|43000|475000|82000|0
1000|26000|431000|-48000|1
0|40000|465000|66000|0
1000|40000|140000|-45000|1
1000|27000|273000|-80000|1
1000|35000|474000|81000|0
0|31000|361000|-82000|0
0|36000|222000|-82000|0
0|32000|-60000|-36000|0
0|34000|-47000|18000|0
1000|26000|241000|-7000|1
0|35000|-81000|63000|0
1000|35000|510000|35000|0
0|36000|-86000|33000|0
1000|40000|39000|75000|1
0|34000|346000|-42000|0
1000|40000|359000|-4000|1
1000|27000|168000|100000|1
0|38000|200000|55000|0
0|35000|254000|-39000|0
1000|25000|-68000|43000|0
0|37000|102000|-27000|0
0|31000|160000|-54000|0
1000|39000|191000|-23000|1
1000|36000|386000|-19000|1
0|27000|231000|85000|0
0|37000|492000|-30000|0
0|30000|391000|79000|0
1000|27000|474000|32000|0
1000|43000|306000|39000|0
1000|39000|44000|-79000|1
1000|26000|118000|56000|1
0|36000|-93000|-38000|0
0|27000|163000|34000|0
0|33000|169000|56000|0
1000|28000|549000|-54000|0
0|40000|425000|-28000|0
0|27000|488000|10000|0
1000|26000|93000|-32000|1
0|25000|-72000|49000|0
1000|37000|319000|97000|1
0|45000|488000|15000|0
0|26000|305000|-3000|0
1000|27000|465000|-38000|0
0|30000|34000|-42000|0
0|26000|413000|-64000|0
0|38000|559000|24000|0
1000|39000|89000|59000|1
1000|27000|58000|-21000|1
1000|37000|259000|11000|1
0|26000|164000|41000|0
0|28000|446000|-91000|0
0|36000|328000|66000|0
1000|31000|35000|-14000|1
1000|30000|63000|-11000|1
1000|29000|499000|9000|0
1000|39000|208000|-98000|1
0|26000|31000|7000|0
1000|45000|30000|40000|0
0|42000|247000|85000|0
0|32000|243000|-98000|0
1000|31000|-44000|70000|0
0|35000|205000|48000|0
0|43000|168000|-41000|0
1000|28000|185000|-19000|1
0|45000|396000|54000|0
0|45000|186000|-65000|0
0|34000|67000|36000|0
1000|42000|421000|59000|1
0|36000|394000|-24000|0
1000|32000|441000|6000|1
1000|31000|-14000|82000|0
0|41000|318000|5000|0
0|34000|575000|21000|0
0|36000|77000|78000|0
1000|27000|581000|87000|0
1000|40000|350000|82000|1
1000|36000|-12000|-21000|0
1000|35000|62000|37000|1
1000|43000|17000|17000|0
0|37000|164000|34000|0
0|26000|279000|32000|0
0|37000|457000|-17000|0
0|27000|551000|41000|0
0|31000|309000|56000|0
0|38000|274000|-67000|0
0|27000|267000|-88000|0
0|36000|312000|-100000|0
1000|42000|548000|72000|0
1000|28000|335000|-24000|1
0|44000|143000|46000|0
1000|30000|-36000|27000|0
1000|28000|289000|54000|1
0|32000|301000|79000|0
1000|25000|312000|-7000|1
1000|41000|324000|8000|1
0|29000|-17000|-58000|0
1000|38000|291000|-40000|1
0|40000|-3000|-71000|0
1000|30000|214000|-38000|1
0|25000|210000|56000|0
1000|25000|205000|100000|1
1000|41000|-52000|-20000|0
0|38000|335000|76000|0
1000|32000|572000|-73000|0
0|41000|336000|79000|0
0|40000|258000|89000|0
1000|36000|398000|-25000|1
0|43000|499000|24000|0
1000|27000|161000|-56000|1
1000|31000|540000|-91000|0
0|25000|138000|1000|0
0|43000|531000|57000|0
0|39000|61000|-90000|0
0|29000|37000|89000|0
0|36000|176000|-99000|0
0|30000|358000|81000|0
1000|33000|149000|85000|1
0|38000|24000|56000|0
1000|30000|-95000|-13000|0
1000|33000|342000|19000|1
0|41000|453000|-68000|0
0|30000|563000|36000|0
0|28000|-71000|77000|0
0|42000|222000|73000|0
0|26000|402000|100000|0
1000|25000|568000|1000|0
0|33000|298000|18000|0
0|35000|140000|35000|0
1000|34000|70000|-95000|1
0|32000|471000|-14000|0
1000|38000|465000|-49000|0
1000|37000|560000|-84000|0
0|37000|297000|-19000|0
1000|34000|114000|76000|1
1000|40000|369000|94000|1
0|29000|347000|91000|0
0|25000|425000|49000|0
1000|35000|320000|-23000|1
1000|38000|386000|-53000|1
1000|25000|328000|12000|1
1000|33000|462000|-45000|0
0|42000|365000|43000|0
0|28000|136000|-96000|0
1000|37000|171000|-6000|1
1000|36000|0|-64000|0
1000|31000|85000|-60000|1
1000|30000|452000|89000|0
0|41000|23000|-78000|0
1000|40000|570000|38000|0
0|38000|524000|19000|0
0|43000|427000|3000|0
0|42000|20000|-85000|0
0|25000|255000|5000|0
0|27000|580000|-45000|0
1000|43000|-18000|19000|0
1000|25000|183000|52000|1
1000|42000|206000|-39000|1
1000|34000|-23000|-63000|0
1000|41000|283000|19000|1
0|38000|-15000|41000|0
0|27000|187000|-86000|0
0|33000|486000|41000|0
0|34000|-11000|-27000|0
1000|26000|88000|15000|1
0|38000|119000|-73000|0
1000|38000|27000|-3000|1
0|26000|79000|-19000|0
1000|27000|333000|90000|1
0|28000|8000|-60000|0
1000|28000|53000|-35000|1
0|41000|346000|-92000|0
0|37000|295000|42000|0
0|36000|218000|98000|0
1000|32000|53000|-70000|1
0|40000|304000|-13000|0
0|26000|555000|-56000|0
1000|44000|270000|-17000|0
1000|35000|281000|-34000|1
1000|41000|253000|-86000|1
0|44000|40000|77000|0
0|37000|-54000|1000|0
1000|26000|480000|28000|0
1000|28000|75000|15000|1
1000|33000|505000|-63000|0
0|43000|242000|21000|0
1000|44000|534000|91000|0
0|25000|-54000|-50000|0
0|27000|523000|-57000|0
1000|34000|159000|11000|1
1000|33000|171000|44000|1
0|31000|585000|57000|0
0|40000|227000|13000|0
0|41000|419000|-24000|0
1000|29000|159000|-50000|1
1000|40000|211000|-83000|1
1000|27000|92000|78000|1
0|35000|261000|-16000|0
1000|39000|95000|-39000|1
1000|41000|91000|92000|1
1000|40000|167000|8000|1
1000|45000|89000|56000|0
0|35000|434000|63000|0
0|44000|357000|36000|0
1000|27000|209000|100000|1
0|35000|218000|-10000|0
0|34000|268000|9000|0
1000|31000|360000|-12000|1
0|30000|112000|-69000|0
0|37000|557000|76000|0
0|41000|-57000|-27000|0
1000|30000|-34000|-49000|0
1000|26000|132000|-91000|1
0|27000|101000|33000|0
0|25000|177000|-23000|0
0|29000|551000|7000|0
0|34000|-74000|-77000|0
0|42000|167000|11000|0
1000|29000|0|5000|0
0|25000|29000|27000|0
1000|35000|37000|61000|1
0|34000|-54000|1000|0
1000|39000|249000|23000|1
1000|32000|514000|6000|0
0|44000|-27000|-89000|0
1000|31000|236000|100000|1
1000|27000|42000|34000|1
1000|33000|459000|-73000|0
0|36000|44000|87000|0
0|31000|498000|-88000|0
1000|42000|502000|54000|0
1000|37000|-14000|-54000|0
1000|28000|553000|98000|0
0|27000|413000|75000|0
1000|38000|-36000|77000|0
1000|45000|313000|-8000|0
1000|45000|219000|36000|0
1000|33000|5000|5000|1
1000|25000|475000|17000|0
1000|42000|504000|80000|0
1000|26000|-100000|-6000|0
0|45000|1000|-13000|0
1000|44000|65000|75000|0
1000|43000|122000|-18000|0
1000|36000|-94000|-18000|0
0|34000|-15000|13000|0
1000|27000|6000|-86000|1
1000|44000|291000|61000|0
0|38000|161000|1000|0
0|33000|435000|-9000|0
1000|42000|363000|-31000|1
0|42000|11000|-100000|0
1000|32000|-87000|-29000|0
0|30000|284000|33000|0
0|43000|469000|-36000|0
1000|31000|236000|-65000|1
1000|26000|191000|-59000|1
0|42000|364000|54000|0
1000|40000|142000|-25000|1
0|32000|40000|41000|0
0|31000|482000|77000|0
1000|26000|212000|82000|1
1000|30000|394000|-23000|1
0|39000|386000|51000|0
1000|34000|-27000|-11000|0
1000|34000|161000|96000|1
1000|30000|251000|-72000|1
1000|36000|442000|9000|1
1000|41000|349000|-78000|1
1000|30000|117000|87000|1
1000|30000|155000|65000|1
1000|25000|421000|17000|1
0|28000|356000|-24000|0
0|43000|543000|-96000|0
0|25000|220000|60000|0
0|45000|514000|-5000|0
0|26000|568000|-50000|0
1000|26000|48000|64000|1
0|25000|276000|-73000|0
1000|40000|425000|-72000|1
0|33000|481000|-21000|0
1000|42000|480000|-13000|0
1000|43000|200000|98000|0
1000|45000|-21000|-98000|0
0|42000|134000|20000|0
1000|33000|259000|-94000|1
1000|44000|218000|-54000|0
1000|36000|105000|71000|1
0|41000|22000|-76000|0
0|38000|78000|51000|0
0|40000|462000|-31000|0
0|25000|175000|49000|0
0|29000|160000|-11000|0
0|34000|317000|-45000|0
1000|38000|92000|55000|1
1000|35000|373000|-23000|1
1000|44000|499000|56000|0
1000|35000|228000|79000|1
1000|41000|475000|-64000|0
0|40000|253000|-18000|0
1000|43000|120000|-32000|0
0|25000|337000|-44000|0
1000|40000|466000|16000|0
0|29000|381000|73000|0
1000|34000|414000|99000|1
1000|27000|554000|93000|0
0|41000|-15000|-75000|0
1000|33000|129000|-30000|1
1000|35000|306000|32000|1
1000|33000|174000|80000|1
1000|39000|468000|60000|0
0|32000|600000|-100000|0
0|39000|61000|13000|0
1000|39000|86000|81000|1
1000|34000|141000|-94000|1
1000|44000|92000|97000|0
0|36000|498000|29000|0
0|31000|410000|84000|0
0|35000|84000|64000|0
1000|45000|372000|66000|0
1000|39000|432000|80000|1
1000|35000|-13000|-52000|0
1000|25000|547000|-13000|0
1000|40000|134000|-30000|1
0|27000|395000|-62000|0
0|27000|227000|3000|0
0|40000|213000|99000|0
1000|27000|254000|52000|1
1000|42000|324000|-100000|1
1000|45000|340000|10000|0
1000|44000|134000|-56000|0
0|27000|84000|-54000|0
0|37000|-9000|31000|0
0|43000|498000|-82000|0
1000|37000|253000|-41000|1
1000|37000|498000|77000|0
0|45000|58000|18000|0
1000|45000|15000|61000|0
1000|28000|314000|27000|1
0|37000|185000|100000|0
0|38000|268000|13000|0
0|40000|539000|-76000|0
1000|43000|48000|-27000|0
0|35000|348000|-33000|0
1000|32000|336000|38000|1
0|33000|9000|18000|0
1000|42000|331000|47000|1
0|39000|9000|-6000|0
0|41000|504000|43000|0
1000|26000|66000|16000|1
0|37000|167000|-98000|0
0|25000|-70000|36000|0
0|39000|315000|-59000|0
1000|33000|501000|20000|0
0|33000|305000|44000|0
1000|42000|318000|-96000|1
0|29000|-96000|-39000|0
1000|30000|192000|48000|1
1000|39000|543000|-53000|0
1000|42000|450000|47000|0
1000|33000|99000|-58000|1
0|26000|137000|17000|0
0|38000|22000|-37000|0
1000|42000|35000|18000|1
0|28000|74000|96000|0
1000|41000|99000|32000|1
0|36000|154000|40000|0
0|36000|339000|11000|0
0|36000|238000|-18000|0
1000|37000|113000|2000|1
0|45000|156000|-92000|0
0|27000|166000|4000|0
1000|44000|128000|12000|0
0|36000|568000|71000|0
0|39000|340000|-52000|0
0|39000|140000|81000|0
0|29000|445000|17000|0
0|42000|2000|23000|0
1000|40000|318000|0|1
1000|44000|80000|-80000|0
1000|42000|224000|82000|1
0|27000|231000|72000|0
0|25000|-51000|-86000|0
0|37000|294000|95000|0
1000|27000|142000|-35000|1
1000|28000|288000|-46000|1
1000|43000|-17000|49000|0
1000|33000|518000|49000|0
1000|26000|563000|37000|0
1000|34000|-95000|70000|0
0|28000|325000|-20000|0
0|32000|333000|-74000|0
0|37000|405000|-17000|0
1000|26000|46000|-27000|1
0|27000|510000|49000|0
0|43000|440000|49000|0
1000|37000|56000|33000|1
0|44000|12000|68000|0
1000|40000|351000|-33000|1
1000|41000|-50000|90000|0
1000|28000|348000|47000|1
0|43000|414000|-93000|0
1000|29000|434000|23000|1
1000|26000|-9000|62000|0
1000|39000|512000|-76000|0
1000|33000|142000|59000|1
0|40000|-29000|-88000|0
1000|32000|-22000|-5000|0
1000|45000|299000|64000|0
0|27000|597000|-99000|0
1000|38000|325000|-55000|1
1000|27000|458000|2000|0
0|34000|111000|52000|0
1000|37000|209000|91000|1
0|27000|-98000|89000|0
0|36000|537000|-68000|0
0|35000|24000|73000|0
0|40000|455000|93000|0
0|32000|256000|-17000|0
0|39000|138000|-61000|0
1000|29000|37000|69000|1
1000|31000|91000|-53000|1
0|32000|495000|-21000|0
1000|34000|160000|70000|1
0|33000|194000|-53000|0
0|29000|110000|5000|0
1000|45000|266000|-22000|0
1000|43000|372000|54000|0
1000|36000|-72000|-95000|0
0|35000|561000|84000|0
0|35000|477000|72000|0
0|28000|213000|-82000|0
0|42000|-72000|91000|0
1000|38000|498000|73000|0
1000|33000|338000|-6000|1
1000|32000|-92000|90000|0
1000|30000|448000|-17000|1
1000|35000|123000|57000|1
0|27000|588000|42000|0
1000|29000|518000|4000|0
0|33000|58000|-59000|0
0|33000|260000|43000|0
0|34000|-79000|-43000|0
0|40000|32000|71000|0
1000|35000|332000|-3000|1
1000|27000|377000|-15000|1
0|35000|414000|-64000|0
1000|34000|395000|19000|1
0|36000|435000|-18000|0
1000|31000|279000|-43000|1
1000|32000|124000|-30000|1
0|33000|523000|-33000|0
1000|33000|450000|-44000|0
1000|25000|584000|-90000|0
1000|32000|383000|-18000|1
1000|42000|434000|47000|1
1000|31000|-31000|-70000|0
0|35000|102000|6000|0
0|28000|560000|56000|0
1000|36000|218000|-46000|1
0|28000|516000|-51000|0
0|32000|76000|51000|0
0|28000|-51000|-33000|0
0|40000|-87000|-89000|0
0|42000|77000|-18000|0
1000|27000|57000|-45000|1
1000|40000|247000|97000|1
1000|34000|418000|60000|1
0|42000|402000|50000|0
1000|41000|536000|61000|0
1000|44000|200000|-63000|0
0|31000|76000|75000|0
0|28000|97000|-56000|0
0|42000|439000|84000|0
0|43000|114000|-86000|0
1000|36000|49000|-39000|1
0|43000|363000|-76000|0
1000|43000|-32000|-8000|0
0|31000|84000|-86000|0
0|25000|581000|-51000|0
1000|28000|-32000|-78000|0
0|29000|421000|17000|0
1000|36000|-18000|-78000|0
1000|38000|559000|96000|0
1000|40000|555000|74000|0
1000|36000|484000|28000|0
1000|39000|194000|-65000|1
1000|39000|213000|-41000|1
0|39000|565000|87000|0
1000|34000|462000|-69000|0
1000|43000|-17000|-46000|0
0|40000|104000|87000|0
0|42000|246000|95000|0
1000|40000|201000|40000|1
1000|26000|58000|-10000|1
1000|26000|192000|-51000|1
0|44000|-73000|59000|0
1000|38000|206000|-6000|1
0|38000|470000|70000|0
1000|36000|570000|64000|0
0|25000|56000|83000|0
1000|28000|364000|-91000|1
0|37000|397000|84000|0
1000|27000|318000|-95000|1
0|37000|567000|94000|0
1000|30000|61000|93000|1
1000|38000|458000|71000|0
0|41000|313000|-65000|0
0|35000|213000|-61000|0
0|38000|-36000|-91000|0
0|43000|539000|63000|0
0|27000|332000|75000|0
1000|27000|544000|73000|0
0|41000|58000|9000|0
0|42000|141000|51000|0
1000|44000|379000|-35000|0
0|30000|113000|90000|0
0|45000|319000|-45000|0
0|27000|283000|100000|0
1000|32000|50000|89000|1
0|41000|1000|54000|0
0|26000|416000|79000|0
1000|38000|-75000|-64000|0
1000|26000|407000|50000|1
0|28000|-6000|-86000|0
0|42000|335000|-9000|0
0|37000|384000|-15000|0
0|42000|591000|64000|0
0|28000|-36000|-46000|0
1000|32000|545000|70000|0
1000|28000|87000|10000|1
0|30000|-61000|83000|0
0|25000|533000|-69000|0
1000|25000|584000|7000|0
1000|26000|158000|62000|1
1000|27000|200000|-70000|1
0|40000|202000|6000|0
0|33000|213000|-38000|0
0|27000|196000|18000|0
1000|31000|193000|-90000|1
1000|39000|490000|-7000|0
1000|41000|589000|15000|0
0|31000|549000|55000|0
0|26000|539000|92000|0
1000|40000|40000|69000|1
0|29000|228000|-62000|0
0|35000|110000|82000|0
1000|39000|558000|-40000|0
0|36000|299000|53000|0
0|33000|296000|-96000|0
0|36000|68000|-25000|0
1000|31000|366000|79000|1
0|34000|302000|-19000|0
0|32000|583000|74000|0
1000|34000|312000|83000|1
0|45000|460000|65000|0
1000|32000|429000|58000|1
0|26000|58000|33000|0
0|35000|526000|68000|0
1000|43000|530000|86000|0
1000|43000|-6000|-57000|0
1000|35000|346000|-89000|1
1000|33000|354000|33000|1
0|30000|-9000|-95000|0
1000|39000|279000|-3000|1
1000|31000|347000|12000|1
1000|28000|317000|80000|1
0|44000|-72000|-85000|0
0|33000|518000|-46000|0
1000|39000|332000|78000|1
1000|37000|248000|-59000|1
1000|45000|38000|-14000|0
0|45000|534000|-88000|0
1000|42000|589000|-51000|0
0|33000|74000|49000|0
0|40000|390000|-2000|0
0|44000|551000|-59000|0
0|26000|278000|-36000|0
0|30000|21000|-95000|0
1000|35000|253000|-3000|1
0|40000|562000|-99000|0
1000|28000|525000|76000|0
1000|36000|378000|22000|1
0|34000|297000|-17000|0
1000|40000|-56000|-13000|0
1000|29000|-51000|82000|0
1000|42000|24000|91000|1
0|25000|301000|52000|0
1000|27000|594000|97000|0
0|28000|320000|-15000|0
1000|29000|403000|-1000|1
0|29000|354000|-2000|0
0|26000|77000|-45000|0
1000|36000|539000|55000|0
0|30000|190000|87000|0
0|42000|171000|-98000|0
0|38000|-24000|14000|0
0|27000|137000|-37000|0
0|31000|568000|-91000|0
0|41000|529000|63000|0
0|45000|451000|62000|0
1000|43000|421000|72000|0
1000|44000|445000|47000|0
0|26000|-18000|5000|0
0|36000|380000|-20000|0
0|41000|322000|-16000|0
1000|26000|485000|-25000|0
1000|38000|592000|-43000|0
1000|43000|28000|33000|0
0|29000|481000|-14000|0
0|28000|298000|-60000|0
0|28000|133000|-16000|0
0|45000|216000|-26000|0
0|33000|-52000|-46000|0
0|30000|362000|-3000|0
0|37000|303000|86000|0
0|42000|97000|71000|0
0|33000|403000|-73000|0
1000|28000|585000|-29000|0
0|33000|435000|-16000|0
0|34000|231000|20000|0
0|36000|50000|-59000|0
0|38000|353000|44000|0
0|28000|445000|-9000|0
1000|43000|570000|14000|0
0|45000|539000|36000|0
0|25000|176000|69000|0
0|39000|225000|14000|0
0|34000|150000|77000|0
0|40000|325000|48000|0
1000|41000|3000|-41000|1
0|28000|-41000|-16000|0
1000|45000|265000|65000|0
1000|39000|257000|-66000|1
1000|35000|582000|-32000|0
1000|31000|206000|46000|1
1000|25000|525000|46000|0
1000|28000|492000|-57000|0
1000|40000|280000|-13000|1
1000|33000|36000|-91000|1
0|34000|94000|80000|0
1000|40000|-36000|-15000|0
1000|33000|387000|65000|1
0|31000|459000|-11000|0
0|35000|415000|2000|0
1000|31000|482000|49000|0
1000|38000|265000|-33000|1
1000|42000|418000|45000|1
0|39000|391000|-54000|0
0|27000|541000|-58000|0
0|40000|-52000|-65000|0
0|44000|13000|-91000|0
1000|29000|203000|-23000|1
1000|31000|454000|-95000|0
0|43000|423000|-99000|0
0|32000|505000|-26000|0
1000|41000|-68000|76000|0
1000|29000|305000|97000|1
0|45000|369000|-66000|0
1000|39000|-78000|52000|0
1000|40000|291000|-51000|1
1000|27000|412000|92000|1
0|34000|83000|11000|0
0|38000|121000|-32000|0
1000|31000|49000|-82000|1
0|29000|266000|23000|0
1000|35000|-96000|68000|0
1000|38000|283000|-63000|1
0|36000|386000|-6000|0
0|38000|290000|-81000|0
1000|26000|75000|53000|1
0|33000|222000|94000|0
1000|42000|-72000|-71000|0
0|42000|382000|95000|0
0|43000|529000|64000|0
1000|33000|523000|-51000|0
1000|38000|190000|-73000|1
1000|35000|384000|-56000|1
1000|37000|23000|93000|1
0|44000|394000|98000|0
1000|38000|473000|0|0
0|38000|577000|-100000|0
0|36000|193000|60000|0
0|45000|297000|97000|0
0|45000|97000|-52000|0
0|44000|76000|-14000|0
0|35000|376000|-36000|0
0|42000|421000|68000|0
1000|33000|-7000|22000|0
1000|31000|515000|94000|0
0|31000|538000|20000|0
1000|42000|-42000|50000|0
0|35000|7000|47000|0
1000|36000|519000|-80000|0
1000|41000|377000|-37000|1
1000|41000|587000|-14000|0
0|34000|207000|13000|0
1000|44000|142000|41000|0
0|27000|301000|-70000|0
1000|30000|541000|-99000|0
1000|40000|417000|-30000|1
1000|26000|349000|-22000|1
0|29000|414000|27000|0
0|34000|448000|-10000|0
0|34000|421000|-7000|0
1000|33000|-23000|-64000|0
0|45000|418000|-53000|0
0|41000|432000|-92000|0
1000|37000|118000|96000|1
1000|33000|592000|-63000|0
1000|37000|169000|40000|1
0|30000|429000|-82000|0
1000|27000|365000|-21000|1
0|43000|52000|-94000|0
0|26000|-43000|27000|0
0|36000|564000|-43000|0
1000|44000|304000|-4000|0
1000|37000|242000|65000|1
1000|34000|578000|93000|0
0|43000|219000|-85000|0
1000|31000|377000|-71000|1
0|36000|579000|53000|0
1000|25000|-70000|23000|0
1000|31000|-87000|-17000|0
1000|32000|371000|97000|1
0|44000|9000|83000|0
1000|44000|142000|28000|0
1000|40000|141000|8000|1
0|29000|261000|-84000|0
1000|26000|509000|72000|0
0|29000|-17000|36000|0
1000|40000|150000|72000|1
0|28000|-54000|-38000|0
0|28000|476000|35000|0
1000|40000|-78000|-49000|0
0|26000|-69000|-76000|0
0|43000|-78000|-30000|0
1000|42000|189000|-13000|1
0|42000|-57000|-46000|0
0|35000|41000|70000|0
0|41000|-10000|21000|0
1000|33000|206000|-28000|1
1000|34000|-55000|1000|0
1000|27000|268000|88000|1
0|36000|-62000|0|0
0|37000|50000|43000|0
1000|27000|281000|26000|1
0|30000|372000|28000|0
1000|35000|2000|23000|1
0|30000|196000|-37000|0
0|43000|460000|56000|0
0|33000|17000|95000|0
0|30000|283000|-100000|0
1000|40000|177000|-82000|1
0|41000|266000|-80000|0
0|36000|6000|-70000|0
0|38000|137000|-21000|0
1000|31000|53000|-86000|1
1000|42000|-9000|30000|0
0|30000|593000|-100000|0
1000|33000|482000|-87000|0
1000|42000|495000|74000|0
0|28000|199000|81000|0
0|32000|578000|37000|0
1000|27000|-29000|-41000|0
1000|27000|430000|-90000|1
0|31000|540000|94000|0
1000|25000|251000|71000|1
1000|42000|501000|-41000|0
0|33000|234000|-93000|0
0|31000|214000|-91000|0
1000|30000|544000|52000|0
1000|45000|-82000|75000|0
1000|31000|407000|-5000|1
1000|41000|211000|-45000|1
0|29000|-73000|48000|0
1000|40000|304000|39000|1
1000|38000|356000|28000|1
0|36000|417000|-92000|0
1000|28000|333000|-62000|1
0|40000|-50000|26000|0
0|39000|279000|96000|0
0|34000|5000|-94000|0
1000|40000|-31000|-31000|0
1000|30000|302000|66000|1
1000|28000|121000|66000|1
1000|36000|268000|61000|1
1000|44000|-65000|16000|0
0|38000|143000|83000|0
0|37000|570000|-85000|0
0|43000|244000|91000|0
1000|25000|399000|10000|1
1000|33000|-27000|-61000|0
1000|41000|203000|52000|1
1000|27000|153000|-78000|1
1000|45000|306000|91000|0
0|39000|167000|-35000|0
0|40000|88000|54000|0
1000|33000|541000|10000|0
1000|29000|481000|-97000|0
1000|29000|131000|37000|1
0|34000|290000|91000|0
0|42000|246000|-98000|0
1000|36000|-1000|73000|0
1000|39000|302000|46000|1
0|33000|209000|-64000|0
0|45000|-20000|-9000|0
1000|43000|198000|88000|0
1000|39000|466000|38000|0
1000|44000|412000|7000|0
1000|32000|275000|-36000|1
1000|42000|-88000|52000|0
1000|26000|239000|-83000|1
0|40000|300000|49000|0
0|44000|71000|36000|0
1000|34000|547000|-73000|0
0|38000|22000|17000|0
0|45000|317000|-74000|0
0|37000|518000|-91000|0
1000|29000|216000|-78000|1
1000|43000|312000|79000|0
1000|26000|68000|85000|1
0|25000|515000|-6000|0
0|36000|443000|-83000|0
0|30000|97000|66000|0
1000|42000|349000|47000|1
0|30000|-36000|87000|0
0|39000|179000|-33000|0
0|37000|108000|-48000|0
1000|36000|255000|-15000|1
1000|45000|354000|-41000|0
1000|26000|346000|-23000|1
0|26000|368000|-8000|0
1000|25000|35000|60000|1
1000|34000|507000|0|0
0|44000|122000|-65000|0
1000|36000|579000|54000|0
1000|29000|98000|-11000|1
0|26000|-79000|-17000|0
0|38000|553000|-79000|0
1000|29000|542000|-82000|0
0|28000|520000|-31000|0
1000|29000|410000|-1000|1
0|36000|398000|8000|0
1000|44000|487000|78000|0
0|31000|569000|53000|0
1000|38000|494000|51000|0
1000|35000|183000|23000|1
0|38000|336000|-34000|0
1000|45000|240000|-39000|0
0|38000|-24000|-77000|0
0|28000|151000|-66000|0
1000|35000|348000|-74000|1
1000|35000|561000|60000|0
1000|39000|398000|-64000|1
0|35000|338000|-88000|0
1000|41000|561000|18000|0
1000|37000|65000|-94000|1
1000|39000|0|-1000|0
0|38000|347000|74000|0
1000|25000|298000|-81000|1
0|27000|313000|-95000|0
1000|36000|114000|84000|1
1000|28000|153000|-75000|1
1000|44000|145000|45000|0
1000|32000|418000|-73000|1
1000|27000|-25000|42000|0
0|28000|57000|2000|0
0|42000|213000|-58000|0
1000|27000|-45000|53000|0
1000|28000|353000|90000|1
1000|32000|-59000|34000|0
1000|28000|361000|45000|1
1000|25000|28000|44000|1
0|30000|316000|98000|0
0|37000|471000|58000|0
0|44000|102000|57000|0
0|27000|369000|36000|0
0|31000|315000|43000|0
0|40000|224000|-75000|0
0|45000|471000|96000|0
0|39000|76000|27000|0
0|44000|368000|36000|0
0|40000|72000|52000|0
1000|38000|316000|38000|1
1000|29000|-71000|3000|0
0|33000|373000|-51000|0
0|36000|460000|-9000|0
1000|29000|295000|-37000|1
1000|36000|-63000|70000|0
1000|29000|131000|59000|1
0|27000|176000|27000|0
1000|38000|32000|17000|1
1000|26000|-51000|11000|0
1000|33000|344000|-8000|1
0|42000|309000|-46000|0
0|36000|501000|81000|0
1000|32000|367000|37000|1
0|29000|-42000|56000|0
1000|27000|380000|91000|1
0|41000|379000|82000|0
0|37000|452000|-8000|0
0|31000|79000|7000|0
1000|29000|125000|94000|1
1000|27000|143000|55000|1
1000|38000|-29000|8000|0
1000|36000|283000|29000|1
1000|29000|26000|-96000|1
0|33000|523000|-46000|0
0|30000|576000|-90000|0
1000|45000|187000|-64000|0
1000|25000|-70000|36000|0
1000|28000|-12000|-35000|0
1000|27000|44000|71000|1
1000|45000|301000|-33000|0
1000|35000|-57000|-22000|0
1000|29000|162000|21000|1
0|37000|12000|34000|0
0|41000|330000|-17000|0
1000|26000|399000|-86000|1
0|45000|267000|-82000|0
0|33000|299000|76000|0
1000|43000|-88000|10000|0
0|33000|477000|-17000|0
0|28000|149000|-64000|0
0|30000|484000|91000|0
1000|34000|241000|-31000|1
1000|43000|-87000|-59000|0
0|42000|261000|71000|0
0|40000|47000|99000|0
1000|39000|9000|42000|1
1000|29000|307000|45000|1
1000|37000|141000|-96000|1
0|38000|97000|-92000|0
1000|40000|463000|-11000|0
0|44000|53000|19000|0
1000|34000|-79000|63000|0
1000|45000|-15000|-59000|0
1000|27000|520000|10000|0
0|35000|492000|-93000|0
0|36000|93000|52000|0
1000|34000|443000|25000|1
0|25000|-33000|56000|0
1000|31000|21000|-80000|1
1000|31000|485000|-7000|0
0|30000|220000|-92000|0
0|33000|384000|-67000|0
1000|44000|-16000|-85000|0
0|28000|136000|9000|0
0|38000|208000|28000|0
0|43000|180000|43000|0
0|36000|-98000|-19000|0
0|31000|-90000|-5000|0
1000|26000|202000|-64000|1
1000|39000|-34000|62000|0
0|39000|147000|34000|0
0|26000|140000|63000|0
0|28000|592000|-45000|0
0|33000|465000|99000|0
1000|41000|226000|-11000|1
1000|39000|301000|49000|1
1000|44000|-28000|1000|0
0|26000|178000|-77000|0
0|32000|300000|-16000|0
0|41000|-29000|19000|0
0|34000|-72000|-20000|0
0|25000|538000|-86000|0
1000|26000|392000|-43000|1
0|30000|575000|-34000|0
0|29000|50000|18000|0
0|32000|145000|75000|0
0|34000|508000|13000|0
0|34000|330000|77000|0
1000|26000|296000|-67000|1
0|34000|240000|-71000|0
1000|35000|165000|71000|1
0|31000|104000|57000|0
1000|36000|330000|32000|1
1000|32000|87000|0|1
1000|42000|328000|85000|1
0|45000|138000|65000|0
0|44000|189000|-54000|0
0|43000|132000|63000|0
1000|29000|511000|36000|0
1000|44000|105000|43000|0
1000|31000|421000|-43000|1
0|26000|58000|73000|0
1000|26000|504000|97000|0
0|25000|62000|94000|0
1000|40000|-48000|7000|0
0|30000|366000|19000|0
0|34000|505000|3000|0
0|25000|299000|-46000|0
0|42000|489000|-72000|0
1000|45000|301000|-74000|0
0|28000|319000|46000|0
0|35000|-34000|71000|0
1000|39000|163000|-24000|1
1000|25000|570000|-6000|0
1000|25000|107000|-75000|1
0|40000|-98000|-9000|0
1000|44000|105000|91000|0
0|35000|249000|-21000|0
1000|44000|481000|33000|0
0|30000|497000|-46000|0
0|43000|212000|-16000|0
1000|35000|121000|11000|1
0|35000|392000|-8000|0
0|39000|-100000|-93000|0
1000|34000|349000|-2000|1
1000|42000|24000|6000|1
1000|28000|287000|60000|1
1000|37000|483000|-57000|0
0|34000|323000|-44000|0
1000|29000|183000|84000|1
0|35000|43000|-8000|0
1000|43000|435000|-32000|0
1000|30000|-77000|-62000|0
1000|30000|311000|-22000|1
1000|25000|-92000|-53000|0
1000|33000|228000|-12000|1
0|34000|70000|1000|0
1000|37000|-53000|-52000|0
0|31000|-21000|-45000|0
1000|34000|206000|-93000|1
1000|41000|559000|61000|0
0|39000|50000|25000|0
1000|29000|566000|0|0
0|32000|97000|99000|0
1000|35000|-1000|95000|0
1000|45000|27000|43000|0
1000|39000|123000|-74000|1
1000|43000|333000|-80000|0
1000|41000|531000|-65000|0
1000|44000|250000|16000|0
0|25000|528000|54000|0
0|29000|294000|92000|0
0|39000|-58000|-66000|0
1000|42000|195000|-85000|1
1000|27000|262000|40000|1
1000|37000|205000|96000|1
0|32000|472000|1000|0
0|34000|-71000|-71000|0
1000|25000|479000|-94000|0
0|36000|573000|-78000|0
1000|36000|264000|4000|1
1000|32000|501000|-40000|0
0|28000|203000|-15000|0
1000|35000|62000|-25000|1
1000|26000|386000|23000|1
0|37000|261000|-9000|0
1000|41000|14000|-49000|1
1000|26000|192000|-37000|1
0|31000|169000|-66000|0
1000|36000|495000|56000|0
1000|44000|441000|-31000|0
1000|30000|248000|85000|1
0|38000|123000|-32000|0
1000|34000|542000|-5000|0
0|35000|487000|-14000|0
0|26000|117000|14000|0
0|30000|171000|-12000|0
0|35000|69000|56000|0
1000|27000|-47000|13000|0
0|43000|528000|49000|0
1000|45000|427000|92000|0
0|27000|132000|-18000|0
1000|40000|165000|-7000|1
0|33000|-87000|55000|0
1000|37000|-48000|-97000|0
1000|30000|274000|26000|1
0|32000|168000|-41000|0
0|39000|590000|-34000|0
0|33000|496000|-76000|0
1000|39000|67000|-16000|1
1000|32000|600000|63000|0
1000|40000|68000|75000|1
0|30000|296000|-12000|0
0|36000|418000|-47000|0
1000|41000|517000|-75000|0
1000|33000|479000|46000|0
1000|30000|541000|86000|0
0|33000|291000|-12000|0
1000|25000|495000|20000|0
0|42000|528000|-86000|0
0|36000|96000|37000|0
1000|33000|96000|-86000|1
0|34000|440000|84000|0
0|34000|392000|69000|0
0|44000|395000|29000|0
1000|33000|-74000|-38000|0
0|36000|492000|-40000|0
0|39000|-67000|54000|0
1000|27000|559000|-74000|0
0|26000|19000|-43000|0
0|32000|414000|49000|0
1000|25000|543000|-32000|0
0|40000|235000|-34000|0
0|42000|23000|-21000|0
1000|27000|244000|6000|1
1000|30000|496000|-69000|0
1000|40000|309000|-83000|1
1000|36000|106000|-62000|1
0|32000|275000|-47000|0
1000|28000|582000|41000|0
1000|33000|138000|-57000|1
1000|33000|174000|82000|1
1000|39000|-48000|-52000|0
0|29000|439000|79000|0
1000|38000|570000|89000|0
0|42000|90000|-5000|0
0|28000|147000|38000|0
1000|44000|-26000|-93000|0
0|29000|519000|-61000|0
0|44000|195000|27000|0
1000|37000|368000|-3000|1
0|36000|-57000|77000|0
0|32000|25000|-50000|0
0|40000|81000|11000|0
1000|31000|262000|-18000|1
0|36000|456000|-12000|0
1000|45000|164000|96000|0
1000|32000|-52000|-48000|0
1000|40000|286000|99000|1
0|33000|275000|-65000|0
0|40000|351000|95000|0
1000|37000|244000|65000|1
0|28000|10000|-68000|0
0|41000|-76000|53000|0
0|42000|578000|-9000|0
1000|33000|-67000|19000|0
0|32000|287000|70000|0
1000|32000|581000|-33000|0
0|33000|250000|15000|0
1000|40000|595000|100000|0
0|38000|355000|16000|0
1000|41000|303000|-5000|1
1000|37000|398000|44000|1
1000|26000|195000|76000|1
1000|44000|73000|-4000|0
0|43000|345000|-34000|0
1000|31000|445000|69000|1
0|43000|-9000|-17000|0
1000|29000|65000|-58000|1
1000|38000|167000|-58000|1
0|32000|588000|59000|0
0|45000|203000|11000|0
0|34000|240000|21000|0
1000|27000|205000|7000|1
1000|33000|291000|-39000|1
0|43000|396000|20000|0
0|44000|201000|30000|0
0|38000|340000|84000|0
1000|32000|479000|-22000|0
1000|40000|-74000|19000|0
0|44000|218000|82000|0
0|35000|395000|71000|0
1000|38000|500000|57000|0
0|44000|592000|89000|0
1000|25000|390000|44000|1
1000|45000|-100000|-97000|0
0|28000|147000|-97000|0
0|33000|185000|32000|0
0|26000|-80000|-76000|0
1000|45000|325000|12000|0
0|26000|402000|58000|0
1000|39000|-57000|-42000|0
1000|28000|51000|57000|1
0|34000|-82000|-47000|0
0|45000|-5000|-7000|0
1000|34000|87000|-55000|1
1000|39000|458000|1000|0
0|32000|-71000|72000|0
1000|29000|282000|-80000|1
1000|25000|189000|-52000|1
1000|25000|547000|45000|0
0|41000|125000|-99000|0
1000|45000|273000|64000|0
0|31000|31000|-42000|0
1000|34000|484000|9000|0
0|33000|-85000|50000|0
1000|37000|52000|-28000|1
0|43000|116000|9000|0
0|26000|47000|40000|0
1000|26000|198000|86000|1
0|30000|528000|-57000|0
1000|34000|545000|77000|0
0|38000|353000|-25000|0
1000|40000|-85000|40000|0
0|44000|85000|30000|0
0|44000|12000|76000|0
0|32000|582000|6000|0
0|39000|380000|-2000|0
1000|29000|462000|91000|0
1000|43000|88000|48000|0
1000|25000|586000|-30000|0
1000|33000|384000|70000|1
1000|42000|283000|57000|1
0|30000|-23000|-76000|0
1000|28000|90000|-23000|1
1000|35000|42000|-46000|1
0|32000|407000|75000|0
1000|32000|326000|71000|1
0|29000|157000|-55000|0
1000|38000|592000|-38000|0
0|45000|-26000|31000|0
1000|31000|26000|16000|1
1000|32000|537000|68000|0
1000|26000|-29000|78000|0
0|39000|-16000|-51000|0
0|35000|56000|-7000|0
0|29000|91000|1000|0
1000|36000|168000|48000|1
0|36000|328000|92000|0
0|27000|494000|-58000|0
0|31000|595000|1000|0
1000|44000|340000|-56000|0
0|26000|-90000|-42000|0
0|42000|336000|68000|0
1000|41000|191000|31000|1
0|35000|306000|83000|0
0|44000|65000|69000|0
0|38000|-86000|-5000|0
0|31000|102000|-13000|0
0|38000|482000|88000|0
0|41000|71000|35000|0
1000|44000|81000|-90000|0
0|27000|261000|-33000|0
1000|40000|-71000|-10000|0
0|32000|13000|-75000|0
1000|44000|240000|4000|0
1000|45000|234000|-25000|0
0|28000|595000|-60000|0
0|43000|377000|-9000|0
1000|33000|331000|70000|1
0|35000|3000|-62000|0
1000|39000|172000|-64000|1
0|33000|79000|72000|0
0|39000|408000|35000|0
1000|27000|426000|-44000|1
0|29000|268000|84000|0
1000|29000|374000|-5000|1
0|25000|94000|99000|0
0|32000|564000|33000|0
0|26000|421000|-93000|0
1000|44000|452000|4000|0
1000|43000|121000|-22000|0
0|32000|242000|-73000|0
1000|28000|33000|5000|1
1000|44000|450000|-10000|0
0|25000|161000|26000|0
1000|33000|-35000|-12000|0
1000|39000|272000|-83000|1
1000|42000|-2000|-68000|0
1000|26000|395000|74000|1
1000|28000|404000|3000|1
0|34000|527000|30000|0
1000|25000|500000|-71000|0
0|29000|182000|33000|0
0|30000|395000|-46000|0
1000|45000|586000|16000|0
0|31000|105000|-42000|0
1000|39000|166000|47000|1
0|38000|503000|16000|0
0|42000|177000|-29000|0
1000|28000|-48000|89000|0
0|30000|-80000|-52000|0
0|45000|-31000|-94000|0
1000|34000|541000|97000|0
1000|33000|265000|15000|1
1000|26000|-54000|59000|0
1000|44000|-43000|36000|0
1000|35000|582000|2000|0
1000|34000|262000|-96000|1
0|38000|-15000|37000|0
0|43000|21000|-9000|0
0|39000|-12000|-58000|0
0|45000|136000|-15000|0
1000|44000|-67000|12000|0
0|26000|386000|-75000|0
0|38000|312000|88000|0
1000|40000|527000|-80000|0
1000|43000|-91000|-67000|0
0|33000|490000|-27000|0
1000|29000|542000|72000|0
0|35000|220000|-76000|0
0|38000|344000|28000|0
1000|28000|6000|-52000|1
0|41000|37000|-42000|0
1000|25000|-95000|98000|0
0|42000|455000|37000|0
1000|35000|-94000|98000|0
1000|44000|502000|63000|0
1000|45000|391000|-56000|0
1000|43000|529000|-46000|0
1000|29000|60000|34000|1
0|27000|595000|-23000|0
1000|34000|195000|98000|1
1000|29000|99000|-57000|1
1000|34000|272000|-47000|1
1000|37000|162000|35000|1
0|40000|-98000|-36000|0
0|26000|28000|-48000|0
0|39000|478000|59000|0
0|33000|27000|98000|0
0|26000|235000|-29000|0
0|29000|-95000|81000|0
0|31000|557000|91000|0
1000|37000|517000|-21000|0
1000|37000|138000|-76000|1
0|36000|182000|57000|0
1000|45000|448000|-3000|0
1000|36000|112000|20000|1
0|27000|410000|-39000|0
0|36000|488000|-31000|0
1000|28000|125000|-94000|1
1000|30000|-39000|-60000|0
0|31000|510000|-75000|0
1000|31000|-34000|43000|0
1000|37000|100000|89000|1
0|42000|585000|-96000|0
1000|30000|550000|5000|0
1000|34000|600000|-29000|0
1000|37000|137000|12000|1
1000|28000|111000|79000|1
0|27000|140000|-29000|0
0|30000|-9000|-23000|0
0|37000|84000|19000|0
1000|40000|483000|43000|0
1000|29000|505000|-97000|0
0|27000|218000|-89000|0
1000|30000|150000|-52000|1
1000|42000|461000|-19000|0
0|39000|300000|-79000|0
1000|39000|220000|16000|1
0|32000|-22000|25000|0
0|42000|168000|94000|0
1000|37000|264000|-28000|1
0|35000|-61000|-69000|0
0|41000|63000|13000|0
0|45000|529000|31000|0
1000|31000|374000|-50000|1
0|27000|130000|42000|0
1000|25000|335000|87000|1
1000|32000|-31000|92000|0
1000|42000|74000|-51000|1
0|39000|-56000|-43000|0
0|45000|559000|-79000|0
0|25000|454000|-77000|0
0|31000|230000|-11000|0
1000|43000|-14000|-86000|0
1000|34000|55000|-9000|1
1000|42000|-37000|22000|0
1000|26000|247000|44000|1
1000|41000|266000|-32000|1
0|41000|108000|11000|0
0|32000|-15000|92000|0
1000|27000|-37000|-59000|0
1000|26000|263000|-17000|1
1000|30000|255000|-62000|1
1000|39000|324000|-21000|1
0|35000|432000|14000|0
1000|40000|267000|-80000|1
1000|32000|534000|-54000|0
1000|35000|246000|79000|1
0|39000|402000|-36000|0
1000|41000|53000|95000|1
1000|42000|196000|-17000|1
1000|34000|541000|83000|0
0|42000|302000|-62000|0
0|26000|117000|-17000|0
1000|36000|350000|86000|1
0|25000|-28000|74000|0
0|41000|182000|-62000|0
0|27000|134000|-25000|0
1000|35000|128000|3000|1
0|28000|426000|-46000|0
0|36000|523000|-92000|0
1000|36000|145000|45000|1
1000|29000|346000|61000|1
1000|37000|358000|-29000|1
0|37000|185000|30000|0
0|30000|274000|-80000|0
0|32000|597000|-86000|0
1000|39000|177000|6000|1
0|36000|444000|-53000|0
1000|25000|348000|86000|1
0|37000|351000|-8000|0
0|33000|516000|100000|0
0|44000|102000|-36000|0
0|27000|-5000|25000|0
1000|39000|295000|29000|1
0|40000|-36000|19000|0
0|32000|428000|55000|0
0|39000|84000|37000|0
1000|31000|14000|-67000|1
0|34000|573000|54000|0
0|37000|179000|-64000|0
1000|44000|13000|-95000|0
1000|33000|-65000|-47000|0
0|38000|459000|83000|0
0|32000|422000|-7000|0
1000|43000|1000|22000|0
1000|40000|236000|-31000|1
1000|37000|212000|-69000|1
0|35000|-33000|-60000|0
1000|44000|-80000|47000|0
0|27000|506000|-87000|0
0|35000|378000|-55000|0
0|25000|399000|-43000|0
1000|27000|33000|27000|1
0|37000|162000|-2000|0
1000|37000|351000|46000|1
1000|34000|5000|-56000|1
1000|28000|204000|-85000|1
0|43000|402000|46000|0
1000|42000|507000|47000|0
0|25000|-66000|-74000|0
1000|25000|130000|53000|1
0|45000|304000|-79000|0
1000|27000|415000|42000|1
1000|27000|230000|91000|1
1000|39000|256000|-75000|1
0|37000|234000|11000|0
1000|34000|581000|-90000|0
1000|27000|-1000|75000|0
1000|39000|265000|-8000|1
0|44000|51000|35000|0
1000|25000|114000|56000|1
0|32000|492000|78000|0
0|42000|518000|-54000|0
1000|30000|139000|-46000|1
0|42000|256000|68000|0
1000|36000|260000|-40000|1
1000|44000|450000|-36000|0
0|32000|596000|-32000|0
1000|32000|280000|-41000|1
1000|29000|269000|-75000|1
1000|44000|255000|1000|0
1000|39000|424000|47000|1
0|45000|384000|-97000|0
0|39000|168000|-74000|0
1000|30000|547000|-23000|0
0|31000|216000|8000|0
1000|27000|381000|46000|1
0|27000|-85000|-30000|0
1000|40000|545000|55000|0
1000|41000|428000|52000|1
1000|26000|185000|-31000|1
0|34000|281000|83000|0
0|31000|-21000|-52000|0
0|41000|263000|-21000|0
1000|28000|489000|6000|0
1000|45000|365000|57000|0
0|27000|98000|-61000|0
0|36000|-57000|-96000|0
1000|43000|514000|56000|0
0|25000|21000|94000|0
0|38000|412000|-62000|0
1000|35000|363000|82000|1
0|29000|352000|-90000|0
1000|29000|-46000|-29000|0
1000|38000|-64000|64000|0
0|42000|66000|-65000|0
1000|32000|269000|54000|1
0|43000|-62000|-11000|0
0|31000|354000|20000|0
1000|35000|77000|80000|1
1000|32000|409000|-15000|1
1000|27000|257000|-68000|1
0|32000|474000|77000|0
1000|28000|178000|55000|1
1000|45000|297000|-49000|0
0|45000|330000|90000|0
0|45000|255000|-22000|0
0|38000|266000|-62000|0
1000|45000|554000|-98000|0
0|32000|120000|-20000|0
1000|44000|571000|10000|0
1000|25000|540000|-51000|0
1000|43000|416000|-69000|0
0|43000|233000|16000|0
0|39000|156000|-22000|0
1000|27000|-18000|-33000|0
0|35000|116000|85000|0
1000|40000|490000|32000|0
1000|31000|475000|96000|0
0|37000|41000|-78000|0
0|45000|-97000|67000|0
0|40000|151000|-86000|0
1000|36000|589000|7000|0
1000|40000|296000|-97000|1
0|25000|303000|-25000|0
0|35000|565000|56000|0
1000|36000|363000|21000|1
1000|33000|577000|-22000|0
1000|34000|308000|20000|1
0|45000|407000|55000|0
1000|32000|235000|-12000|1
0|30000|95000|65000|0
0|25000|513000|55000|0
1000|36000|100000|-92000|1
0|37000|507000|-12000|0
0|34000|254000|-82000|0
1000|45000|577000|-18000|0
1000|43000|105000|-54000|0
0|29000|424000|26000|0
0|26000|228000|97000|0
0|27000|57000|32000|0
0|40000|532000|78000|0
0|42000|146000|-83000|0
1000|25000|590000|23000|0
1000|26000|403000|42000|1
0|44000|363000|-49000|0
1000|28000|5000|69000|1
1000|30000|-31000|-58000|0
1000|37000|413000|-92000|1
0|41000|451000|-42000|0
0|38000|193000|66000|0
1000|33000|324000|33000|1
0|35000|284000|35000|0
0|44000|-25000|63000|0
1000|26000|540000|-79000|0
1000|28000|578000|97000|0
0|43000|237000|35000|0
0|45000|90000|-12000|0
0|44000|-20000|-72000|0
0|29000|541000|-21000|0
0|44000|-91000|71000|0
0|27000|396000|-84000|0
0|31000|64000|83000|0
1000|31000|112000|-41000|1
1000|34000|348000|-98000|1
0|44000|200000|-2000|0
0|37000|143000|80000|0
1000|28000|-19000|-5000|0
1000|35000|196000|44000|1
1000|42000|-59000|68000|0
0|35000|306000|9000|0
1000|38000|105000|-50000|1
1000|45000|90000|62000|0
1000|39000|175000|17000|1
1000|37000|293000|-90000|1
1000|28000|392000|79000|1
1000|28000|263000|78000|1
0|40000|212000|-30000|0
0|32000|528000|-80000|0
1000|33000|161000|5000|1
1000|38000|163000|16000|1
0|43000|30000|89000|0
1000|26000|-27000|66000|0
1000|34000|407000|-52000|1
1000|25000|198000|-34000|1
1000|43000|569000|-50000|0
1000|31000|51000|49000|1
1000|45000|318000|-82000|0
1000|39000|87000|40000|1
0|40000|350000|-78000|0
1000|26000|-62000|24000|0
1000|43000|589000|37000|0
1000|43000|139000|54000|0
1000|43000|131000|-71000|0
1000|42000|14000|-86000|1
1000|30000|325000|93000|1
1000|31000|326000|-78000|1
1000|33000|215000|-29000|1
1000|26000|563000|-47000|0
1000|36000|255000|0|1
0|35000|572000|-36000|0
1000|25000|322000|13000|1
1000|40000|89000|-23000|1
0|39000|40000|-4000|0
0|39000|295000|58000|0
0|39000|505000|45000|0
0|29000|338000|45000|0
0|28000|432000|-90000|0
0|33000|102000|35000|0
1000|42000|458000|33000|0
0|45000|-92000|-99000|0
0|44000|-52000|82000|0
0|43000|-59000|57000|0
0|44000|550000|12000|0
1000|44000|496000|66000|0
1000|31000|543000|-28000|0
1000|31000|25000|14000|1
0|27000|101000|-82000|0
1000|27000|464000|-66000|0
1000|29000|-99000|97000|0
0|27000|225000|94000|0
0|34000|539000|22000|0
0|43000|413000|-15000|0
0|33000|235000|55000|0
1000|42000|519000|-10000|0
1000|30000|182000|70000|1
1000|29000|258000|6000|1
1000|32000|311000|54000|1
1000|44000|2000|64000|0
0|32000|139000|21000|0
1000|30000|281000|-26000|1
0|40000|64000|11000|0
1000|39000|173000|49000|1
1000|31000|454000|-11000|0
1000|26000|518000|-31000|0
1000|39000|28000|-34000|1
1000|34000|110000|21000|1
0|35000|-7000|-36000|0
0|33000|403000|45000|0
1000|39000|280000|-12000|1
1000|31000|104000|39000|1
1000|30000|524000|-11000|0
1000|39000|209000|-63000|1
0|30000|442000|-84000|0
1000|25000|463000|21000|0
1000|34000|485000|99000|0
1000|34000|88000|-46000|1
0|39000|88000|2000|0
